Date,Close,anomaly_lstm
2015-01-02 16:00:00,26.48,0
2015-01-05 16:00:00,25.97,0
2015-01-06 16:00:00,25.33,0
2015-01-07 16:00:00,25.26,0
2015-01-08 16:00:00,25.35,0
2015-01-09 16:00:00,25.04,0
2015-01-12 16:00:00,24.85,0
2015-01-13 16:00:00,25.09,0
2015-01-14 16:00:00,25.3,0
2015-01-15 16:00:00,25.2,0
2015-01-16 16:00:00,25.52,0
2015-01-20 16:00:00,25.5,0
2015-01-21 16:00:00,26.02,0
2015-01-22 16:00:00,26.87,0
2015-01-23 16:00:00,27.1,0
2015-01-26 16:00:00,26.84,0
2015-01-27 16:00:00,26.06,0
2015-01-28 16:00:00,25.62,0
2015-01-29 16:00:00,25.66,0
2015-01-30 16:00:00,26.88,0
2015-02-02 16:00:00,26.61,0
2015-02-03 16:00:00,26.67,0
2015-02-04 16:00:00,26.31,0
2015-02-05 16:00:00,26.49,0
2015-02-06 16:00:00,26.69,0
2015-02-09 16:00:00,26.46,0
2015-02-10 16:00:00,27.01,0
2015-02-11 16:00:00,26.9,0
2015-02-12 16:00:00,27.3,0
2015-02-13 16:00:00,27.56,0
2015-02-17 16:00:00,27.25,0
2015-02-18 16:00:00,27.13,0
2015-02-19 16:00:00,27.32,0
2015-02-20 16:00:00,27.09,0
2015-02-23 16:00:00,26.75,0
2015-02-24 16:00:00,26.93,0
2015-02-25 16:00:00,27.37,0
2015-02-26 16:00:00,27.96,0
2015-02-27 16:00:00,28.13,0
2015-03-02 16:00:00,28.75,0
2015-03-03 16:00:00,28.94,0
2015-03-04 16:00:00,28.92,0
2015-03-05 16:00:00,29.07,0
2015-03-06 16:00:00,28.65,0
2015-03-09 16:00:00,28.71,0
2015-03-10 16:00:00,27.99,0
2015-03-11 16:00:00,27.78,0
2015-03-12 16:00:00,28.06,0
2015-03-13 16:00:00,27.65,0
2015-03-16 16:00:00,28.08,0
2015-03-17 16:00:00,27.88,0
2015-03-18 16:00:00,28.31,0
2015-03-19 16:00:00,28.18,0
2015-03-20 16:00:00,28.25,0
2015-03-23 16:00:00,28.27,0
2015-03-24 16:00:00,28.88,0
2015-03-25 16:00:00,28.35,0
2015-03-26 16:00:00,28.18,0
2015-03-27 16:00:00,27.88,0
2015-03-30 16:00:00,28.06,0
2015-03-31 16:00:00,27.74,0
2015-04-01 16:00:00,27.47,0
2015-04-02 16:00:00,27.07,0
2015-04-06 16:00:00,27.2,0
2015-04-07 16:00:00,27.24,0
2015-04-08 16:00:00,27.44,0
2015-04-09 16:00:00,27.4,0
2015-04-10 16:00:00,27.43,0
2015-04-13 16:00:00,27.43,0
2015-04-14 16:00:00,26.99,0
2015-04-15 16:00:00,27.05,0
2015-04-16 16:00:00,27.18,0
2015-04-17 16:00:00,26.64,0
2015-04-20 16:00:00,27.23,0
2015-04-21 16:00:00,27.15,0
2015-04-22 16:00:00,27.46,0
2015-04-23 16:00:00,27.87,0
2015-04-24 16:00:00,28.68,0
2015-04-27 16:00:00,28.31,0
2015-04-28 16:00:00,28.22,0
2015-04-29 16:00:00,28.07,0
2015-04-30 16:00:00,27.44,0
2015-05-01 16:00:00,27.56,0
2015-05-04 16:00:00,27.64,0
2015-05-05 16:00:00,27.15,0
2015-05-06 16:00:00,26.75,0
2015-05-07 16:00:00,27.1,0
2015-05-08 16:00:00,27.45,0
2015-05-11 16:00:00,27.29,0
2015-05-12 16:00:00,26.94,0
2015-05-13 16:00:00,26.97,0
2015-05-14 16:00:00,27.46,0
2015-05-15 16:00:00,27.32,0
2015-05-18 16:00:00,27.33,0
2015-05-19 16:00:00,27.46,0
2015-05-20 16:00:00,27.63,0
2015-05-21 16:00:00,27.84,0
2015-05-22 16:00:00,27.73,0
2015-05-26 16:00:00,27.36,0
2015-05-27 16:00:00,27.71,0
2015-05-28 16:00:00,27.71,0
2015-05-29 16:00:00,27.27,0
2015-06-01 16:00:00,27.46,0
2015-06-02 16:00:00,27.7,0
2015-06-03 16:00:00,27.76,0
2015-06-04 16:00:00,27.58,0
2015-06-05 16:00:00,27.48,0
2015-06-08 16:00:00,27.17,0
2015-06-09 16:00:00,27.11,0
2015-06-10 16:00:00,27.63,0
2015-06-11 16:00:00,27.5,0
2015-06-12 16:00:00,27.37,0
2015-06-15 16:00:00,27.15,0
2015-06-16 16:00:00,27.24,0
2015-06-17 16:00:00,27.33,0
2015-06-18 16:00:00,27.81,0
2015-06-19 16:00:00,27.88,0
2015-06-22 16:00:00,27.98,0
2015-06-23 16:00:00,28.17,0
2015-06-24 16:00:00,27.93,0
2015-06-25 16:00:00,27.9,0
2015-06-26 16:00:00,27.65,0
2015-06-29 16:00:00,27.06,0
2015-06-30 16:00:00,27.0,0
2015-07-01 16:00:00,27.17,0
2015-07-02 16:00:00,27.37,0
2015-07-06 16:00:00,27.28,0
2015-07-07 16:00:00,27.5,0
2015-07-08 16:00:00,27.09,0
2015-07-09 16:00:00,27.23,0
2015-07-10 16:00:00,27.81,0
2015-07-13 16:00:00,28.59,0
2015-07-14 16:00:00,29.21,0
2015-07-15 16:00:00,29.2,0
2015-07-16 16:00:00,30.09,0
2015-07-17 16:00:00,34.98,0
2015-07-20 16:00:00,34.64,0
2015-07-21 16:00:00,34.77,0
2015-07-22 16:00:00,34.76,0
2015-07-23 16:00:00,33.74,0
2015-07-24 16:00:00,32.74,0
2015-07-27 16:00:00,32.91,0
2015-07-28 16:00:00,32.98,0
2015-07-29 16:00:00,33.07,0
2015-07-30 16:00:00,33.23,0
2015-07-31 16:00:00,32.88,0
2015-08-03 16:00:00,33.24,0
2015-08-04 16:00:00,33.06,0
2015-08-05 16:00:00,33.66,0
2015-08-06 16:00:00,33.51,0
2015-08-07 16:00:00,33.22,0
2015-08-10 16:00:00,33.16,0
2015-08-11 16:00:00,34.52,0
2015-08-12 16:00:00,34.57,0
2015-08-13 16:00:00,34.33,0
2015-08-14 16:00:00,34.47,0
2015-08-17 16:00:00,34.71,0
2015-08-18 16:00:00,34.44,0
2015-08-19 16:00:00,34.7,0
2015-08-20 16:00:00,33.97,0
2015-08-21 16:00:00,32.2,0
2015-08-24 16:00:00,30.91,0
2015-08-25 16:00:00,30.62,0
2015-08-26 16:00:00,32.99,0
2015-08-27 16:00:00,33.4,0
2015-08-28 16:00:00,32.98,0
2015-08-31 16:00:00,32.39,0
2015-09-01 16:00:00,31.48,0
2015-09-02 16:00:00,32.25,0
2015-09-03 16:00:00,31.85,0
2015-09-04 16:00:00,31.45,0
2015-09-08 16:00:00,32.19,0
2015-09-09 16:00:00,32.17,0
2015-09-10 16:00:00,32.55,0
2015-09-11 16:00:00,32.77,0
2015-09-14 16:00:00,32.62,0
2015-09-15 16:00:00,33.25,0
2015-09-16 16:00:00,33.28,0
2015-09-17 16:00:00,33.58,0
2015-09-18 16:00:00,33.05,0
2015-09-21 16:00:00,33.35,0
2015-09-22 16:00:00,32.66,0
2015-09-23 16:00:00,32.66,0
2015-09-24 16:00:00,32.75,0
2015-09-25 16:00:00,32.01,0
2015-09-28 16:00:00,31.21,0
2015-09-29 16:00:00,31.13,0
2015-09-30 16:00:00,31.92,0
2015-10-01 16:00:00,32.1,0
2015-10-02 16:00:00,32.85,0
2015-10-05 16:00:00,33.58,0
2015-10-06 16:00:00,33.58,0
2015-10-07 16:00:00,33.5,0
2015-10-08 16:00:00,33.35,0
2015-10-09 16:00:00,33.56,0
2015-10-12 16:00:00,33.82,0
2015-10-13 16:00:00,34.16,0
2015-10-14 16:00:00,34.02,0
2015-10-15 16:00:00,34.65,0
2015-10-16 16:00:00,34.77,0
2015-10-19 16:00:00,35.0,0
2015-10-20 16:00:00,34.0,0
2015-10-21 16:00:00,33.59,0
2015-10-22 16:00:00,34.06,0
2015-10-23 16:00:00,35.97,0
2015-10-26 16:00:00,36.56,0
2015-10-27 16:00:00,36.64,0
2015-10-28 16:00:00,36.85,0
2015-10-29 16:00:00,37.24,0
2015-10-30 16:00:00,36.87,0
2015-11-02 16:00:00,37.39,0
2015-11-03 16:00:00,37.44,0
2015-11-04 16:00:00,37.77,0
2015-11-05 16:00:00,38.03,0
2015-11-06 16:00:00,38.08,0
2015-11-09 16:00:00,37.74,0
2015-11-10 16:00:00,37.91,0
2015-11-11 16:00:00,38.26,0
2015-11-12 16:00:00,37.83,0
2015-11-13 16:00:00,37.0,0
2015-11-16 16:00:00,37.52,0
2015-11-17 16:00:00,37.3,0
2015-11-18 16:00:00,38.0,0
2015-11-19 16:00:00,38.0,0
2015-11-20 16:00:00,38.85,0
2015-11-23 16:00:00,38.84,0
2015-11-24 16:00:00,38.48,0
2015-11-25 16:00:00,38.46,0
2015-11-27 16:00:00,38.6,0
2015-11-30 16:00:00,38.14,0
2015-12-01 16:00:00,39.19,0
2015-12-02 16:00:00,38.89,0
2015-12-03 16:00:00,38.41,0
2015-12-04 16:00:00,38.96,0
2015-12-07 16:00:00,38.65,0
2015-12-08 16:00:00,38.76,0
2015-12-09 16:00:00,38.13,0
2015-12-10 16:00:00,38.0,0
2015-12-11 16:00:00,37.52,0
2015-12-14 16:00:00,38.13,0
2015-12-15 16:00:00,38.0,0
2015-12-16 16:00:00,38.83,0
2015-12-17 16:00:00,38.49,0
2015-12-18 16:00:00,37.84,0
2015-12-21 16:00:00,38.04,0
2015-12-22 16:00:00,38.36,0
2015-12-23 16:00:00,38.43,0
2015-12-24 16:00:00,38.29,0
2015-12-28 16:00:00,39.11,0
2015-12-29 16:00:00,39.7,0
2015-12-30 16:00:00,39.52,0
2015-12-31 16:00:00,38.9,0
2016-01-04 16:00:00,37.97,0
2016-01-05 16:00:00,38.08,0
2016-01-06 16:00:00,37.97,0
2016-01-07 16:00:00,37.05,0
2016-01-08 16:00:00,36.55,0
2016-01-11 16:00:00,36.65,0
2016-01-12 16:00:00,37.27,0
2016-01-13 16:00:00,35.98,0
2016-01-14 16:00:00,36.57,0
2016-01-15 16:00:00,35.52,0
2016-01-19 16:00:00,35.95,0
2016-01-20 16:00:00,35.93,0
2016-01-21 16:00:00,36.33,0
2016-01-22 16:00:00,37.27,0
2016-01-25 16:00:00,36.68,0
2016-01-26 16:00:00,36.69,0
2016-01-27 16:00:00,35.88,0
2016-01-28 16:00:00,37.42,0
2016-01-29 16:00:00,38.07,0
2016-02-01 16:00:00,38.54,0
2016-02-02 16:00:00,39.05,0
2016-02-03 16:00:00,37.47,0
2016-02-04 16:00:00,36.5,0
2016-02-05 16:00:00,35.19,0
2016-02-08 16:00:00,35.21,0
2016-02-09 16:00:00,35.05,0
2016-02-10 16:00:00,35.34,0
2016-02-11 16:00:00,35.32,0
2016-02-12 16:00:00,35.34,0
2016-02-16 16:00:00,35.88,0
2016-02-17 16:00:00,36.6,0
2016-02-18 16:00:00,35.88,0
2016-02-19 16:00:00,36.11,0
2016-02-22 16:00:00,36.45,0
2016-02-23 16:00:00,35.86,0
2016-02-24 16:00:00,36.05,0
2016-02-25 16:00:00,36.46,0
2016-02-26 16:00:00,36.24,0
2016-02-29 16:00:00,35.86,0
2016-03-01 16:00:00,37.11,0
2016-03-02 16:00:00,36.97,0
2016-03-03 16:00:00,36.58,0
2016-03-04 16:00:00,36.51,0
2016-03-07 16:00:00,35.64,0
2016-03-08 16:00:00,35.68,0
2016-03-09 16:00:00,36.27,0
2016-03-10 16:00:00,36.61,0
2016-03-11 16:00:00,37.24,0
2016-03-14 16:00:00,37.51,0
2016-03-15 16:00:00,37.53,0
2016-03-16 16:00:00,37.87,0
2016-03-17 16:00:00,37.92,0
2016-03-18 16:00:00,37.77,0
2016-03-21 16:00:00,38.11,0
2016-03-22 16:00:00,38.0,0
2016-03-23 16:00:00,37.88,0
2016-03-24 16:00:00,37.74,0
2016-03-28 16:00:00,37.66,0
2016-03-29 16:00:00,38.29,0
2016-03-30 16:00:00,38.42,0
2016-03-31 16:00:00,38.15,0
2016-04-01 16:00:00,38.48,0
2016-04-04 16:00:00,38.26,0
2016-04-05 16:00:00,37.93,0
2016-04-06 16:00:00,38.4,0
2016-04-07 16:00:00,38.01,0
2016-04-08 16:00:00,37.97,0
2016-04-11 16:00:00,37.88,0
2016-04-12 16:00:00,38.22,0
2016-04-13 16:00:00,38.6,0
2016-04-14 16:00:00,38.77,0
2016-04-15 16:00:00,39.0,0
2016-04-18 16:00:00,39.38,0
2016-04-19 16:00:00,38.81,0
2016-04-20 16:00:00,38.75,0
2016-04-21 16:00:00,39.0,0
2016-04-22 16:00:00,36.89,0
2016-04-25 16:00:00,37.11,0
2016-04-26 16:00:00,36.27,0
2016-04-27 16:00:00,36.07,0
2016-04-28 16:00:00,35.25,0
2016-04-29 16:00:00,35.39,0
2016-05-02 16:00:00,35.72,0
2016-05-03 16:00:00,35.42,0
2016-05-04 16:00:00,35.57,0
2016-05-05 16:00:00,35.74,0
2016-05-06 16:00:00,36.26,0
2016-05-09 16:00:00,36.46,0
2016-05-10 16:00:00,36.97,0
2016-05-11 16:00:00,36.53,0
2016-05-12 16:00:00,36.4,0
2016-05-13 16:00:00,36.24,0
2016-05-16 16:00:00,36.52,0
2016-05-17 16:00:00,36.01,0
2016-05-18 16:00:00,36.09,0
2016-05-19 16:00:00,35.77,0
2016-05-20 16:00:00,36.09,0
2016-05-23 16:00:00,35.86,0
2016-05-24 16:00:00,36.65,0
2016-05-25 16:00:00,36.91,0
2016-05-26 16:00:00,36.85,0
2016-05-27 16:00:00,37.38,0
2016-05-31 16:00:00,37.44,0
2016-06-01 16:00:00,37.42,0
2016-06-02 16:00:00,37.21,0
2016-06-03 16:00:00,36.79,0
2016-06-06 16:00:00,36.5,0
2016-06-07 16:00:00,36.55,0
2016-06-08 16:00:00,37.15,0
2016-06-09 16:00:00,37.13,0
2016-06-10 16:00:00,36.66,0
2016-06-13 16:00:00,36.59,0
2016-06-14 16:00:00,36.66,0
2016-06-15 16:00:00,36.61,0
2016-06-16 16:00:00,36.21,0
2016-06-17 16:00:00,35.21,0
2016-06-20 16:00:00,35.31,0
2016-06-21 16:00:00,35.44,0
2016-06-22 16:00:00,35.52,0
2016-06-23 16:00:00,35.74,0
2016-06-24 16:00:00,34.26,0
2016-06-27 16:00:00,34.06,0
2016-06-28 16:00:00,34.56,0
2016-06-29 16:00:00,34.76,0
2016-06-30 16:00:00,35.18,0
2016-07-01 16:00:00,35.51,0
2016-07-05 16:00:00,35.24,0
2016-07-06 16:00:00,35.45,0
2016-07-07 16:00:00,35.36,0
2016-07-08 16:00:00,35.89,0
2016-07-11 16:00:00,36.36,0
2016-07-12 16:00:00,36.63,0
2016-07-13 16:00:00,36.47,0
2016-07-14 16:00:00,36.79,0
2016-07-15 16:00:00,36.78,0
2016-07-18 16:00:00,37.66,0
2016-07-19 16:00:00,37.67,0
2016-07-20 16:00:00,37.85,0
2016-07-21 16:00:00,37.72,0
2016-07-22 16:00:00,37.96,0
2016-07-25 16:00:00,37.88,0
2016-07-26 16:00:00,37.88,0
2016-07-27 16:00:00,38.1,0
2016-07-28 16:00:00,38.29,0
2016-07-29 16:00:00,39.57,0
2016-08-01 16:00:00,40.05,0
2016-08-02 16:00:00,40.01,0
2016-08-03 16:00:00,39.95,0
2016-08-04 16:00:00,39.86,0
2016-08-05 16:00:00,40.35,0
2016-08-08 16:00:00,40.26,0
2016-08-09 16:00:00,40.37,0
2016-08-10 16:00:00,40.42,0
2016-08-11 16:00:00,40.41,0
2016-08-12 16:00:00,40.35,0
2016-08-15 16:00:00,40.3,0
2016-08-16 16:00:00,40.06,0
2016-08-17 16:00:00,40.27,0
2016-08-18 16:00:00,40.14,0
2016-08-19 16:00:00,39.98,0
2016-08-22 16:00:00,39.85,0
2016-08-23 16:00:00,39.83,0
2016-08-24 16:00:00,39.68,0
2016-08-25 16:00:00,39.57,0
2016-08-26 16:00:00,39.66,0
2016-08-29 16:00:00,39.79,0
2016-08-30 16:00:00,39.6,0
2016-08-31 16:00:00,39.49,0
2016-09-01 16:00:00,39.57,0
2016-09-02 16:00:00,39.84,0
2016-09-06 16:00:00,40.4,0
2016-09-07 16:00:00,40.4,0
2016-09-08 16:00:00,40.14,0
2016-09-09 16:00:00,39.42,0
2016-09-12 16:00:00,39.94,0
2016-09-13 16:00:00,39.44,0
2016-09-14 16:00:00,39.52,0
2016-09-15 16:00:00,40.06,0
2016-09-16 16:00:00,39.9,0
2016-09-19 16:00:00,39.77,0
2016-09-20 16:00:00,39.99,0
2016-09-21 16:00:00,40.25,0
2016-09-22 16:00:00,40.8,0
2016-09-23 16:00:00,40.75,0
2016-09-26 16:00:00,40.13,0
2016-09-27 16:00:00,40.54,0
2016-09-28 16:00:00,40.5,0
2016-09-29 16:00:00,40.13,0
2016-09-30 16:00:00,40.2,0
2016-10-03 16:00:00,40.02,0
2016-10-04 16:00:00,40.14,0
2016-10-05 16:00:00,40.06,0
2016-10-06 16:00:00,40.15,0
2016-10-07 16:00:00,40.04,0
2016-10-10 16:00:00,40.71,0
2016-10-11 16:00:00,40.48,0
2016-10-12 16:00:00,40.59,0
2016-10-13 16:00:00,40.2,0
2016-10-14 16:00:00,40.23,0
2016-10-17 16:00:00,40.34,0
2016-10-18 16:00:00,41.07,0
2016-10-19 16:00:00,41.35,0
2016-10-20 16:00:00,41.08,0
2016-10-21 16:00:00,41.2,0
2016-10-24 16:00:00,41.79,0
2016-10-25 16:00:00,41.43,0
2016-10-26 16:00:00,41.11,0
2016-10-27 16:00:00,40.87,0
2016-10-28 16:00:00,40.98,0
2016-10-31 16:00:00,40.49,0
2016-11-01 16:00:00,40.27,0
2016-11-02 16:00:00,39.42,0
2016-11-03 16:00:00,39.11,0
2016-11-04 16:00:00,39.06,0
2016-11-07 16:00:00,40.1,0
2016-11-08 16:00:00,40.6,0
2016-11-09 16:00:00,40.28,0
2016-11-10 16:00:00,39.01,0
2016-11-11 16:00:00,38.59,0
2016-11-14 16:00:00,37.66,0
2016-11-15 16:00:00,38.76,0
2016-11-16 16:00:00,39.0,0
2016-11-17 16:00:00,39.31,0
2016-11-18 16:00:00,38.8,0
2016-11-21 16:00:00,39.24,0
2016-11-22 16:00:00,39.25,0
2016-11-23 16:00:00,38.95,0
2016-11-25 16:00:00,39.01,0
2016-11-28 16:00:00,39.29,0
2016-11-29 16:00:00,39.47,0
2016-11-30 16:00:00,38.79,0
2016-12-01 16:00:00,38.22,0
2016-12-02 16:00:00,38.22,0
2016-12-05 16:00:00,38.91,0
2016-12-06 16:00:00,38.81,0
2016-12-07 16:00:00,39.57,0
2016-12-08 16:00:00,39.76,0
2016-12-09 16:00:00,40.47,0
2016-12-12 16:00:00,40.4,0
2016-12-13 16:00:00,40.77,0
2016-12-14 16:00:00,40.89,0
2016-12-15 16:00:00,40.78,0
2016-12-16 16:00:00,40.49,0
2016-12-19 16:00:00,40.63,0
2016-12-20 16:00:00,40.76,0
2016-12-21 16:00:00,40.61,0
2016-12-22 16:00:00,40.48,0
2016-12-23 16:00:00,40.39,0
2016-12-27 16:00:00,40.5,0
2016-12-28 16:00:00,40.23,0
2016-12-29 16:00:00,40.14,0
2016-12-30 16:00:00,39.62,0
2017-01-03 16:00:00,40.4,0
2017-01-04 16:00:00,40.39,0
2017-01-05 16:00:00,40.65,0
2017-01-06 16:00:00,41.26,0
2017-01-09 16:00:00,41.36,0
2017-01-10 16:00:00,41.3,0
2017-01-11 16:00:00,41.49,0
2017-01-12 16:00:00,41.48,0
2017-01-13 16:00:00,41.55,0
2017-01-17 16:00:00,41.37,0
2017-01-18 16:00:00,41.45,0
2017-01-19 16:00:00,41.22,0
2017-01-20 16:00:00,41.41,0
2017-01-23 16:00:00,42.22,0
2017-01-24 16:00:00,42.48,0
2017-01-25 16:00:00,42.92,0
2017-01-26 16:00:00,42.85,0
2017-01-27 16:00:00,42.25,0
2017-01-30 16:00:00,41.19,0
2017-01-31 16:00:00,41.01,0
2017-02-01 16:00:00,40.76,0
2017-02-02 16:00:00,40.91,0
2017-02-03 16:00:00,41.01,0
2017-02-06 16:00:00,41.08,0
2017-02-07 16:00:00,41.46,0
2017-02-08 16:00:00,41.49,0
2017-02-09 16:00:00,41.5,0
2017-02-10 16:00:00,41.74,0
2017-02-13 16:00:00,41.95,0
2017-02-14 16:00:00,42.0,0
2017-02-15 16:00:00,41.87,0
2017-02-16 16:00:00,42.11,0
2017-02-17 16:00:00,42.33,0
2017-02-21 16:00:00,42.46,0
2017-02-22 16:00:00,42.57,0
2017-02-23 16:00:00,42.55,0
2017-02-24 16:00:00,42.39,0
2017-02-27 16:00:00,42.48,0
2017-02-28 16:00:00,42.25,0
2017-03-01 16:00:00,42.84,0
2017-03-02 16:00:00,42.49,0
2017-03-03 16:00:00,42.45,0
2017-03-06 16:00:00,42.36,0
2017-03-07 16:00:00,42.56,0
2017-03-08 16:00:00,42.68,0
2017-03-09 16:00:00,42.89,0
2017-03-10 16:00:00,43.07,0
2017-03-13 16:00:00,43.23,0
2017-03-14 16:00:00,43.3,0
2017-03-15 16:00:00,43.42,0
2017-03-16 16:00:00,43.5,0
2017-03-17 16:00:00,43.62,0
2017-03-20 16:00:00,43.4,0
2017-03-21 16:00:00,42.51,0
2017-03-22 16:00:00,42.49,0
2017-03-23 16:00:00,41.98,0
2017-03-24 16:00:00,41.76,0
2017-03-27 16:00:00,41.93,0
2017-03-28 16:00:00,42.03,0
2017-03-29 16:00:00,42.49,0
2017-03-30 16:00:00,42.47,0
2017-03-31 16:00:00,42.39,0
2017-04-03 16:00:00,42.84,0
2017-04-04 16:00:00,42.63,0
2017-04-05 16:00:00,42.45,0
2017-04-06 16:00:00,42.25,0
2017-04-07 16:00:00,42.11,0
2017-04-10 16:00:00,42.09,0
2017-04-11 16:00:00,41.99,0
2017-04-12 16:00:00,42.07,0
2017-04-13 16:00:00,42.01,0
2017-04-17 16:00:00,42.76,0
2017-04-18 16:00:00,42.7,0
2017-04-19 16:00:00,42.83,0
2017-04-20 16:00:00,43.0,0
2017-04-21 16:00:00,42.95,0
2017-04-24 16:00:00,43.95,0
2017-04-25 16:00:00,44.44,0
2017-04-26 16:00:00,44.46,0
2017-04-27 16:00:00,44.57,0
2017-04-28 16:00:00,46.23,0
2017-05-01 16:00:00,46.64,0
2017-05-02 16:00:00,46.85,0
2017-05-03 16:00:00,47.42,0
2017-05-04 16:00:00,47.74,0
2017-05-05 16:00:00,47.51,0
2017-05-08 16:00:00,47.93,0
2017-05-09 16:00:00,47.84,0
2017-05-10 16:00:00,47.74,0
2017-05-11 16:00:00,47.79,0
2017-05-12 16:00:00,47.76,0
2017-05-15 16:00:00,47.96,0
2017-05-16 16:00:00,48.23,0
2017-05-17 16:00:00,47.11,0
2017-05-18 16:00:00,47.53,0
2017-05-19 16:00:00,47.73,0
2017-05-22 16:00:00,48.2,0
2017-05-23 16:00:00,48.53,0
2017-05-24 16:00:00,48.88,0
2017-05-25 16:00:00,49.59,0
2017-05-26 16:00:00,49.66,0
2017-05-30 16:00:00,49.81,0
2017-05-31 16:00:00,49.35,0
2017-06-01 16:00:00,49.41,0
2017-06-02 16:00:00,49.81,0
2017-06-05 16:00:00,50.19,0
2017-06-06 16:00:00,49.83,0
2017-06-07 16:00:00,50.08,0
2017-06-08 16:00:00,50.21,0
2017-06-09 16:00:00,48.51,0
2017-06-12 16:00:00,48.09,0
2017-06-13 16:00:00,48.53,0
2017-06-14 16:00:00,48.4,0
2017-06-15 16:00:00,48.01,0
2017-06-16 16:00:00,47.93,0
2017-06-19 16:00:00,48.76,0
2017-06-20 16:00:00,48.45,0
2017-06-21 16:00:00,48.93,0
2017-06-22 16:00:00,48.83,0
2017-06-23 16:00:00,49.3,0
2017-06-26 16:00:00,48.6,0
2017-06-27 16:00:00,47.4,0
2017-06-28 16:00:00,48.05,0
2017-06-29 16:00:00,46.89,0
2017-06-30 16:00:00,46.48,0
2017-07-03 16:00:00,45.97,0
2017-07-05 16:00:00,46.61,0
2017-07-06 16:00:00,46.38,0
2017-07-07 16:00:00,47.04,0
2017-07-10 16:00:00,47.55,0
2017-07-11 16:00:00,47.68,0
2017-07-12 16:00:00,48.38,0
2017-07-13 16:00:00,48.44,0
2017-07-14 16:00:00,48.85,0
2017-07-17 16:00:00,48.8,0
2017-07-18 16:00:00,49.35,0
2017-07-19 16:00:00,49.64,0
2017-07-20 16:00:00,49.61,0
2017-07-21 16:00:00,49.69,0
2017-07-24 16:00:00,49.92,0
2017-07-25 16:00:00,48.45,0
2017-07-26 16:00:00,48.27,0
2017-07-27 16:00:00,47.63,0
2017-07-28 16:00:00,47.92,0
2017-07-31 16:00:00,47.28,0
2017-08-01 16:00:00,47.33,0
2017-08-02 16:00:00,47.38,0
2017-08-03 16:00:00,47.02,0
2017-08-04 16:00:00,47.29,0
2017-08-07 16:00:00,47.29,0
2017-08-08 16:00:00,47.21,0
2017-08-09 16:00:00,47.0,0
2017-08-10 16:00:00,46.18,0
2017-08-11 16:00:00,46.5,0
2017-08-14 16:00:00,46.95,0
2017-08-15 16:00:00,46.9,0
2017-08-16 16:00:00,47.21,0
2017-08-17 16:00:00,46.38,0
2017-08-18 16:00:00,46.31,0
2017-08-21 16:00:00,46.04,0
2017-08-22 16:00:00,47.02,0
2017-08-23 16:00:00,47.13,0
2017-08-24 16:00:00,46.84,0
2017-08-25 16:00:00,46.53,0
2017-08-28 16:00:00,46.41,0
2017-08-29 16:00:00,46.79,0
2017-08-30 16:00:00,47.18,0
2017-08-31 16:00:00,47.76,0
2017-09-01 16:00:00,47.6,0
2017-09-05 16:00:00,47.07,0
2017-09-06 16:00:00,47.1,0
2017-09-07 16:00:00,47.49,0
2017-09-08 16:00:00,47.07,0
2017-09-11 16:00:00,47.16,0
2017-09-12 16:00:00,47.33,0
2017-09-13 16:00:00,47.52,0
2017-09-14 16:00:00,47.01,0
2017-09-15 16:00:00,46.76,0
2017-09-18 16:00:00,46.49,0
2017-09-19 16:00:00,46.84,0
2017-09-20 16:00:00,47.38,0
2017-09-21 16:00:00,47.38,0
2017-09-22 16:00:00,47.16,0
2017-09-25 16:00:00,46.71,0
2017-09-26 16:00:00,46.87,0
2017-09-27 16:00:00,48.0,0
2017-09-28 16:00:00,48.24,0
2017-09-29 16:00:00,48.69,0
2017-10-02 16:00:00,48.37,0
2017-10-03 16:00:00,48.6,0
2017-10-04 16:00:00,48.34,0
2017-10-05 16:00:00,49.26,0
2017-10-06 16:00:00,49.68,0
2017-10-09 16:00:00,49.62,0
2017-10-10 16:00:00,49.39,0
2017-10-11 16:00:00,50.28,0
2017-10-12 16:00:00,50.28,0
2017-10-13 16:00:00,50.39,0
2017-10-16 16:00:00,50.47,0
2017-10-17 16:00:00,50.55,0
2017-10-18 16:00:00,50.64,0
2017-10-19 16:00:00,50.09,0
2017-10-20 16:00:00,50.25,0
2017-10-23 16:00:00,49.28,0
2017-10-24 16:00:00,49.42,0
2017-10-25 16:00:00,49.57,0
2017-10-26 16:00:00,49.57,0
2017-10-27 16:00:00,51.68,0
2017-10-30 16:00:00,51.66,0
2017-10-31 16:00:00,51.65,0
2017-11-01 16:00:00,52.13,0
2017-11-02 16:00:00,52.15,0
2017-11-03 16:00:00,52.5,0
2017-11-06 16:00:00,52.13,0
2017-11-07 16:00:00,52.62,0
2017-11-08 16:00:00,52.91,0
2017-11-09 16:00:00,52.39,0
2017-11-10 16:00:00,52.21,0
2017-11-13 16:00:00,52.06,0
2017-11-14 16:00:00,52.08,0
2017-11-15 16:00:00,51.82,0
2017-11-16 16:00:00,52.42,0
2017-11-17 16:00:00,51.79,0
2017-11-20 16:00:00,51.73,0
2017-11-21 16:00:00,52.52,0
2017-11-22 16:00:00,52.6,0
2017-11-24 13:00:00,52.83,0
2017-11-27 16:00:00,53.6,0
2017-11-28 16:00:00,53.16,0
2017-11-29 16:00:00,51.87,0
2017-11-30 16:00:00,51.81,0
2017-12-01 16:00:00,51.25,0
2017-12-04 16:00:00,50.59,0
2017-12-05 16:00:00,50.98,0
2017-12-06 16:00:00,51.64,0
2017-12-07 16:00:00,52.23,0
2017-12-08 16:00:00,52.47,0
2017-12-11 16:00:00,52.6,0
2017-12-12 16:00:00,52.44,0
2017-12-13 16:00:00,52.57,0
2017-12-14 16:00:00,52.87,0
2017-12-15 16:00:00,53.6,0
2017-12-18 16:00:00,54.25,0
2017-12-19 16:00:00,53.99,0
2017-12-20 16:00:00,53.68,0
2017-12-21 16:00:00,53.54,0
2017-12-22 16:00:00,53.44,0
2017-12-26 16:00:00,53.29,0
2017-12-27 16:00:00,53.01,0
2017-12-28 16:00:00,52.8,0
2017-12-29 16:00:00,52.67,0
2018-01-02 16:00:00,53.66,0
2018-01-03 16:00:00,54.58,0
2018-01-04 16:00:00,54.79,0
2018-01-05 16:00:00,55.51,0
2018-01-08 16:00:00,55.71,0
2018-01-09 16:00:00,55.64,0
2018-01-10 16:00:00,55.51,0
2018-01-11 16:00:00,55.6,0
2018-01-12 16:00:00,56.53,0
2018-01-16 16:00:00,56.54,0
2018-01-17 16:00:00,56.96,0
2018-01-18 16:00:00,56.8,0
2018-01-19 16:00:00,57.18,0
2018-01-22 16:00:00,58.21,0
2018-01-23 16:00:00,58.81,0
2018-01-24 16:00:00,58.56,0
2018-01-25 16:00:00,59.11,0
2018-01-26 16:00:00,59.38,0
2018-01-29 16:00:00,59.32,0
2018-01-30 16:00:00,58.87,0
2018-01-31 16:00:00,59.11,0
2018-02-01 16:00:00,59.08,0
2018-02-02 16:00:00,55.96,0
2018-02-05 16:00:00,53.12,0
2018-02-06 16:00:00,54.22,0
2018-02-07 16:00:00,52.77,0
2018-02-08 16:00:00,50.39,0
2018-02-09 16:00:00,52.31,0
2018-02-12 16:00:00,52.73,0
2018-02-13 16:00:00,52.71,0
2018-02-14 16:00:00,53.64,0
2018-02-15 16:00:00,54.57,0
2018-02-16 16:00:00,54.78,0
2018-02-20 16:00:00,55.18,0
2018-02-21 16:00:00,55.69,0
2018-02-22 16:00:00,55.5,0
2018-02-23 16:00:00,56.4,0
2018-02-26 16:00:00,57.19,0
2018-02-27 16:00:00,55.88,0
2018-02-28 16:00:00,55.2,0
2018-03-01 16:00:00,53.57,0
2018-03-02 16:00:00,54.21,0
2018-03-05 16:00:00,54.74,0
2018-03-06 16:00:00,55.05,0
2018-03-07 16:00:00,55.75,0
2018-03-08 16:00:00,56.47,0
2018-03-09 16:00:00,58.04,0
2018-03-12 16:00:00,58.3,0
2018-03-13 16:00:00,57.0,0
2018-03-14 16:00:00,57.44,0
2018-03-15 16:00:00,57.53,0
2018-03-16 16:00:00,56.72,0
2018-03-19 16:00:00,55.0,0
2018-03-20 16:00:00,54.79,0
2018-03-21 16:00:00,54.7,0
2018-03-22 16:00:00,52.66,0
2018-03-23 16:00:00,51.33,0
2018-03-26 16:00:00,52.7,0
2018-03-27 16:00:00,50.35,0
2018-03-28 16:00:00,50.26,0
2018-03-29 16:00:00,51.86,0
2018-04-02 16:00:00,50.63,0
2018-04-03 16:00:00,50.93,0
2018-04-04 16:00:00,51.49,0
2018-04-05 16:00:00,51.63,0
2018-04-06 16:00:00,50.5,0
2018-04-09 16:00:00,51.0,0
2018-04-10 16:00:00,51.83,0
2018-04-11 16:00:00,51.25,0
2018-04-12 16:00:00,51.86,0
2018-04-13 16:00:00,51.8,0
2018-04-16 16:00:00,52.31,0
2018-04-17 16:00:00,53.97,0
2018-04-18 16:00:00,53.77,0
2018-04-19 16:00:00,54.47,0
2018-04-20 16:00:00,53.87,0
2018-04-23 16:00:00,53.69,0
2018-04-24 16:00:00,51.13,0
2018-04-25 16:00:00,51.15,0
2018-04-26 16:00:00,52.17,0
2018-04-27 16:00:00,51.57,0
2018-04-30 16:00:00,50.93,0
2018-05-01 16:00:00,52.04,0
2018-05-02 16:00:00,51.3,0
2018-05-03 16:00:00,51.32,0
2018-05-04 16:00:00,52.55,0
2018-05-07 16:00:00,52.97,0
2018-05-08 16:00:00,52.93,0
2018-05-09 16:00:00,54.45,0
2018-05-10 16:00:00,55.27,0
2018-05-11 16:00:00,55.17,0
2018-05-14 16:00:00,55.33,0
2018-05-15 16:00:00,54.24,0
2018-05-16 16:00:00,54.2,0
2018-05-17 16:00:00,54.06,0
2018-05-18 16:00:00,53.48,0
2018-05-21 16:00:00,54.2,0
2018-05-22 16:00:00,53.77,0
2018-05-23 16:00:00,54.3,0
2018-05-24 16:00:00,54.27,0
2018-05-25 16:00:00,54.2,0
2018-05-29 16:00:00,53.4,0
2018-05-30 16:00:00,53.87,0
2018-05-31 16:00:00,55.0,0
2018-06-01 16:00:00,56.75,0
2018-06-04 16:00:00,57.65,0
2018-06-05 16:00:00,57.55,0
2018-06-06 16:00:00,57.35,0
2018-06-07 16:00:00,56.72,0
2018-06-08 16:00:00,56.64,0
2018-06-11 16:00:00,57.05,0
2018-06-12 16:00:00,57.41,0
2018-06-13 16:00:00,57.21,0
2018-06-14 16:00:00,58.01,0
2018-06-15 16:00:00,57.96,0
2018-06-18 16:00:00,59.18,0
2018-06-19 16:00:00,58.93,0
2018-06-20 16:00:00,59.2,0
2018-06-21 16:00:00,58.47,0
2018-06-22 16:00:00,58.46,0
2018-06-25 16:00:00,56.96,0
2018-06-26 16:00:00,56.63,0
2018-06-27 16:00:00,55.85,0
2018-06-28 16:00:00,56.34,0
2018-06-29 16:00:00,56.46,0
2018-07-02 16:00:00,57.11,0
2018-07-03 13:00:00,55.81,0
2018-07-05 16:00:00,57.06,0
2018-07-06 16:00:00,57.75,0
2018-07-09 16:00:00,58.36,0
2018-07-10 16:00:00,58.36,0
2018-07-11 16:00:00,58.57,0
2018-07-12 16:00:00,60.06,0
2018-07-13 16:00:00,60.22,0
2018-07-16 16:00:00,59.83,0
2018-07-17 16:00:00,60.65,0
2018-07-18 16:00:00,60.65,0
2018-07-19 16:00:00,59.96,0
2018-07-20 16:00:00,59.89,0
2018-07-23 16:00:00,60.55,0
2018-07-24 16:00:00,62.91,0
2018-07-25 16:00:00,63.8,0
2018-07-26 16:00:00,64.28,0
2018-07-27 16:00:00,62.64,0
2018-07-30 16:00:00,61.5,0
2018-07-31 16:00:00,61.36,0
2018-08-01 16:00:00,61.65,0
2018-08-02 16:00:00,62.06,0
2018-08-03 16:00:00,61.91,0
2018-08-06 16:00:00,61.88,0
2018-08-07 16:00:00,62.79,0
2018-08-08 16:00:00,63.07,0
2018-08-09 16:00:00,63.22,0
2018-08-10 16:00:00,62.63,0
2018-08-13 16:00:00,62.43,0
2018-08-14 16:00:00,62.91,0
2018-08-15 16:00:00,61.61,0
2018-08-16 16:00:00,61.2,0
2018-08-17 16:00:00,60.79,0
2018-08-20 16:00:00,61.1,0
2018-08-21 16:00:00,60.87,0
2018-08-22 16:00:00,61.09,0
2018-08-23 16:00:00,61.06,0
2018-08-24 16:00:00,61.84,0
2018-08-27 16:00:00,62.81,0
2018-08-28 16:00:00,62.29,0
2018-08-29 16:00:00,63.23,0
2018-08-30 16:00:00,62.72,0
2018-08-31 16:00:00,61.59,0
2018-09-04 16:00:00,60.57,0
2018-09-05 16:00:00,59.96,0
2018-09-06 16:00:00,59.2,0
2018-09-07 16:00:00,58.88,0
2018-09-10 16:00:00,58.75,0
2018-09-11 16:00:00,59.5,0
2018-09-12 16:00:00,58.58,0
2018-09-13 16:00:00,59.11,0
2018-09-14 16:00:00,58.9,0
2018-09-17 16:00:00,57.99,0
2018-09-18 16:00:00,58.36,0
2018-09-19 16:00:00,58.71,0
2018-09-20 16:00:00,59.58,0
2018-09-21 16:00:00,58.61,0
2018-09-24 16:00:00,58.98,0
2018-09-25 16:00:00,59.69,0
2018-09-26 16:00:00,59.7,0
2018-09-27 16:00:00,60.37,0
2018-09-28 16:00:00,60.35,0
2018-10-01 16:00:00,60.43,0
2018-10-02 16:00:00,60.38,0
2018-10-03 16:00:00,60.58,0
2018-10-04 16:00:00,58.85,0
2018-10-05 16:00:00,58.39,0
2018-10-08 16:00:00,57.8,0
2018-10-09 16:00:00,57.26,0
2018-10-10 16:00:00,54.61,0
2018-10-11 16:00:00,54.54,0
2018-10-12 16:00:00,56.03,0
2018-10-15 16:00:00,55.12,0
2018-10-16 16:00:00,56.65,0
2018-10-17 16:00:00,56.38,0
2018-10-18 16:00:00,54.9,0
2018-10-19 16:00:00,55.26,0
2018-10-22 16:00:00,55.57,0
2018-10-23 16:00:00,55.75,0
2018-10-24 16:00:00,52.86,0
2018-10-25 16:00:00,55.18,0
2018-10-26 16:00:00,54.19,0
2018-10-29 16:00:00,51.74,0
2018-10-30 16:00:00,52.48,0
2018-10-31 16:00:00,54.53,0
2018-11-01 16:00:00,54.3,0
2018-11-02 16:00:00,53.57,0
2018-11-05 16:00:00,52.79,0
2018-11-06 16:00:00,53.48,0
2018-11-07 16:00:00,55.41,0
2018-11-08 16:00:00,54.73,0
2018-11-09 16:00:00,53.85,0
2018-11-12 16:00:00,52.47,0
2018-11-13 16:00:00,52.4,0
2018-11-14 16:00:00,52.73,0
2018-11-15 16:00:00,53.55,0
2018-11-16 16:00:00,53.41,0
2018-11-19 16:00:00,51.37,0
2018-11-20 16:00:00,51.52,0
2018-11-21 16:00:00,52.17,0
2018-11-23 13:00:00,51.51,0
2018-11-26 16:00:00,52.8,0
2018-11-27 16:00:00,52.61,0
2018-11-28 16:00:00,54.59,0
2018-11-29 16:00:00,54.73,0
2018-11-30 16:00:00,55.48,0
2018-12-03 16:00:00,55.82,0
2018-12-04 16:00:00,53.12,0
2018-12-06 16:00:00,53.9,0
2018-12-07 16:00:00,52.33,0
2018-12-10 16:00:00,52.66,0
2018-12-11 16:00:00,53.08,0
2018-12-12 16:00:00,53.69,0
2018-12-13 16:00:00,53.68,0
2018-12-14 16:00:00,52.59,0
2018-12-17 16:00:00,51.28,0
2018-12-18 16:00:00,52.17,0
2018-12-19 16:00:00,51.77,0
2018-12-20 16:00:00,51.18,0
2018-12-21 16:00:00,49.56,0
2018-12-24 13:00:00,49.23,0
2018-12-26 16:00:00,52.39,0
2018-12-27 16:00:00,52.65,0
2018-12-28 16:00:00,52.33,0
2018-12-31 16:00:00,52.25,0
2019-01-02 16:00:00,52.73,0
2019-01-03 16:00:00,51.27,0
2019-01-04 16:00:00,53.9,0
2019-01-07 16:00:00,53.8,0
2019-01-08 16:00:00,54.27,0
2019-01-09 16:00:00,54.08,0
2019-01-10 16:00:00,53.94,0
2019-01-11 16:00:00,53.22,0
2019-01-14 16:00:00,52.58,0
2019-01-15 16:00:00,54.33,0
2019-01-16 16:00:00,54.48,0
2019-01-17 16:00:00,54.96,0
2019-01-18 16:00:00,55.37,0
2019-01-22 16:00:00,53.93,0
2019-01-23 16:00:00,54.22,0
2019-01-24 16:00:00,54.2,0
2019-01-25 16:00:00,55.08,0
2019-01-28 16:00:00,53.99,0
2019-01-29 16:00:00,53.5,0
2019-01-30 16:00:00,54.9,0
2019-01-31 16:00:00,56.29,0
2019-02-01 16:00:00,55.93,0
2019-02-04 16:00:00,57.07,0
2019-02-05 16:00:00,57.59,0
2019-02-06 16:00:00,56.14,0
2019-02-07 16:00:00,55.3,0
2019-02-08 16:00:00,55.12,0
2019-02-11 16:00:00,55.11,0
2019-02-12 16:00:00,56.38,0
2019-02-13 16:00:00,56.43,0
2019-02-14 16:00:00,56.46,0
2019-02-15 16:00:00,55.98,0
2019-02-19 16:00:00,56.33,0
2019-02-20 16:00:00,56.03,0
2019-02-21 16:00:00,55.21,0
2019-02-22 16:00:00,55.83,0
2019-02-25 16:00:00,55.87,0
2019-02-26 16:00:00,56.1,0
2019-02-27 16:00:00,56.14,0
2019-02-28 16:00:00,56.33,0
2019-03-01 16:00:00,57.43,0
2019-03-04 16:00:00,57.67,0
2019-03-05 16:00:00,58.46,0
2019-03-06 16:00:00,58.25,0
2019-03-07 16:00:00,57.54,0
2019-03-08 16:00:00,57.5,0
2019-03-11 16:00:00,58.96,0
2019-03-12 16:00:00,59.86,0
2019-03-13 16:00:00,59.95,0
2019-03-14 16:00:00,59.63,0
2019-03-15 16:00:00,59.52,0
2019-03-18 16:00:00,59.43,0
2019-03-19 16:00:00,60.12,0
2019-03-20 16:00:00,61.32,0
2019-03-21 16:00:00,61.81,0
2019-03-22 16:00:00,60.38,0
2019-03-25 16:00:00,59.87,0
2019-03-26 16:00:00,59.49,0
2019-03-27 16:00:00,58.9,0
2019-03-28 16:00:00,58.61,0
2019-03-29 16:00:00,58.84,0
2019-04-01 16:00:00,59.95,0
2019-04-02 16:00:00,60.28,0
2019-04-03 16:00:00,60.54,0
2019-04-04 16:00:00,60.97,0
2019-04-05 16:00:00,60.57,0
2019-04-08 16:00:00,60.41,0
2019-04-09 16:00:00,60.13,0
2019-04-10 16:00:00,60.32,0
2019-04-11 16:00:00,60.48,0
2019-04-12 16:00:00,61.14,0
2019-04-15 16:00:00,61.33,0
2019-04-16 16:00:00,61.6,0
2019-04-17 16:00:00,62.01,0
2019-04-18 16:00:00,62.07,0
2019-04-22 16:00:00,62.69,0
2019-04-23 16:00:00,63.53,0
2019-04-24 16:00:00,63.0,0
2019-04-25 16:00:00,63.37,0
2019-04-26 16:00:00,63.87,0
2019-04-29 16:00:00,64.81,0
2019-04-30 16:00:00,59.95,0
2019-05-01 16:00:00,58.67,0
2019-05-02 16:00:00,58.33,0
2019-05-03 16:00:00,59.48,0
2019-05-06 16:00:00,59.67,0
2019-05-07 16:00:00,58.94,0
2019-05-08 16:00:00,58.54,0
2019-05-09 16:00:00,58.4,0
2019-05-10 16:00:00,58.38,0
2019-05-13 16:00:00,56.83,0
2019-05-14 16:00:00,56.24,0
2019-05-15 16:00:00,58.54,0
2019-05-16 16:00:00,59.23,0
2019-05-17 16:00:00,58.44,0
2019-05-20 16:00:00,57.23,0
2019-05-21 16:00:00,57.72,0
2019-05-22 16:00:00,57.79,0
2019-05-23 16:00:00,57.27,0
2019-05-24 16:00:00,56.93,0
2019-05-28 16:00:00,56.98,0
2019-05-29 16:00:00,56.0,0
2019-05-30 16:00:00,56.07,0
2019-05-31 16:00:00,55.33,0
2019-06-03 16:00:00,51.94,0
2019-06-04 16:00:00,52.72,0
2019-06-05 16:00:00,52.23,0
2019-06-06 16:00:00,52.39,0
2019-06-07 16:00:00,53.42,0
2019-06-10 16:00:00,54.14,0
2019-06-11 16:00:00,54.05,0
2019-06-12 16:00:00,53.96,0
2019-06-13 16:00:00,54.55,0
2019-06-14 16:00:00,54.32,0
2019-06-17 16:00:00,54.69,0
2019-06-18 16:00:00,55.26,0
2019-06-19 16:00:00,55.23,0
2019-06-20 16:00:00,55.66,0
2019-06-21 16:00:00,56.27,0
2019-06-24 16:00:00,55.84,0
2019-06-25 16:00:00,54.38,0
2019-06-26 16:00:00,54.02,0
2019-06-27 16:00:00,53.83,0
2019-06-28 16:00:00,54.14,0
2019-07-01 16:00:00,55.0,0
2019-07-02 16:00:00,55.63,0
2019-07-03 13:00:00,56.15,0
2019-07-05 16:00:00,56.63,0
2019-07-08 16:00:00,55.84,0
2019-07-09 16:00:00,56.21,0
2019-07-10 16:00:00,57.05,0
2019-07-11 16:00:00,57.2,0
2019-07-12 16:00:00,57.27,0
2019-07-15 16:00:00,57.53,0
2019-07-16 16:00:00,57.67,0
2019-07-17 16:00:00,57.34,0
2019-07-18 16:00:00,57.36,0
2019-07-19 16:00:00,56.58,0
2019-07-22 16:00:00,56.96,0
2019-07-23 16:00:00,57.4,0
2019-07-24 16:00:00,56.99,0
2019-07-25 16:00:00,56.8,0
2019-07-26 16:00:00,62.26,0
2019-07-29 16:00:00,62.09,0
2019-07-30 16:00:00,61.4,0
2019-07-31 16:00:00,60.91,0
2019-08-01 16:00:00,60.59,0
2019-08-02 16:00:00,59.82,0
2019-08-05 16:00:00,57.74,0
2019-08-06 16:00:00,58.55,0
2019-08-07 16:00:00,58.8,0
2019-08-08 16:00:00,60.31,0
2019-08-09 16:00:00,59.45,0
2019-08-12 16:00:00,58.73,0
2019-08-13 16:00:00,59.84,0
2019-08-14 16:00:00,58.21,0
2019-08-15 16:00:00,58.47,0
2019-08-16 16:00:00,58.96,0
2019-08-19 16:00:00,60.02,0
2019-08-20 16:00:00,59.18,0
2019-08-21 16:00:00,59.58,0
2019-08-22 16:00:00,59.58,0
2019-08-23 16:00:00,57.68,0
2019-08-26 16:00:00,58.56,0
2019-08-27 16:00:00,58.54,0
2019-08-28 16:00:00,58.69,0
2019-08-29 16:00:00,59.71,0
2019-08-30 16:00:00,59.53,0
2019-09-03 16:00:00,58.48,0
2019-09-04 16:00:00,59.11,0
2019-09-05 16:00:00,60.61,0
2019-09-06 16:00:00,60.32,0
2019-09-09 16:00:00,60.26,0
2019-09-10 16:00:00,60.29,0
2019-09-11 16:00:00,61.0,0
2019-09-12 16:00:00,61.75,0
2019-09-13 16:00:00,62.0,0
2019-09-16 16:00:00,61.58,0
2019-09-17 16:00:00,61.49,0
2019-09-18 16:00:00,61.63,0
2019-09-19 16:00:00,61.94,0
2019-09-20 16:00:00,61.49,0
2019-09-23 16:00:00,61.73,0
2019-09-24 16:00:00,60.92,0
2019-09-25 16:00:00,62.3,0
2019-09-26 16:00:00,62.11,0
2019-09-27 16:00:00,61.3,0
2019-09-30 16:00:00,61.06,0
2019-10-01 16:00:00,60.3,0
2019-10-02 16:00:00,58.9,0
2019-10-03 16:00:00,59.47,0
2019-10-04 16:00:00,60.55,0
2019-10-07 16:00:00,60.41,0
2019-10-08 16:00:00,59.51,0
2019-10-09 16:00:00,60.12,0
2019-10-10 16:00:00,60.47,0
2019-10-11 16:00:00,60.79,0
2019-10-14 16:00:00,60.89,0
2019-10-15 16:00:00,62.11,0
2019-10-16 16:00:00,62.15,0
2019-10-17 16:00:00,62.64,0
2019-10-18 16:00:00,62.22,0
2019-10-21 16:00:00,62.21,0
2019-10-22 16:00:00,62.06,0
2019-10-23 16:00:00,62.88,0
2019-10-24 16:00:00,62.96,0
2019-10-25 16:00:00,63.22,0
2019-10-28 16:00:00,64.45,0
2019-10-29 16:00:00,63.03,0
2019-10-30 16:00:00,63.04,0
2019-10-31 16:00:00,62.94,0
2019-11-01 16:00:00,63.61,0
2019-11-04 16:00:00,64.48,0
2019-11-05 16:00:00,64.57,0
2019-11-06 16:00:00,64.55,0
2019-11-07 16:00:00,65.35,0
2019-11-08 16:00:00,65.45,0
2019-11-11 16:00:00,64.91,0
2019-11-12 16:00:00,64.86,0
2019-11-13 16:00:00,64.81,0
2019-11-14 16:00:00,65.46,0
2019-11-15 16:00:00,66.68,0
2019-11-18 16:00:00,65.99,0
2019-11-19 16:00:00,65.63,0
2019-11-20 16:00:00,65.09,0
2019-11-21 16:00:00,65.01,0
2019-11-22 16:00:00,64.68,0
2019-11-25 16:00:00,65.28,0
2019-11-26 16:00:00,65.65,0
2019-11-27 16:00:00,65.61,0
2019-11-29 13:00:00,65.2,0
2019-12-02 16:00:00,64.44,0
2019-12-03 16:00:00,64.74,0
2019-12-04 16:00:00,65.95,0
2019-12-05 16:00:00,66.35,0
2019-12-06 16:00:00,66.97,0
2019-12-09 16:00:00,67.15,0
2019-12-10 16:00:00,67.14,0
2019-12-11 16:00:00,67.21,0
2019-12-12 16:00:00,67.42,0
2019-12-13 16:00:00,67.34,0
2019-12-16 16:00:00,68.04,0
2019-12-17 16:00:00,67.74,0
2019-12-18 16:00:00,67.6,0
2019-12-19 16:00:00,67.82,0
2019-12-20 16:00:00,67.56,0
2019-12-23 16:00:00,67.53,0
2019-12-24 13:00:00,67.22,0
2019-12-26 16:00:00,68.12,0
2019-12-27 16:00:00,67.73,0
2019-12-30 16:00:00,66.99,0
2019-12-31 16:00:00,66.97,0
2020-01-02 16:00:00,68.43,0
2020-01-03 16:00:00,68.08,0
2020-01-06 16:00:00,69.89,0
2020-01-07 16:00:00,69.76,0
2020-01-08 16:00:00,70.25,0
2020-01-09 16:00:00,70.99,0
2020-01-10 16:00:00,71.45,0
2020-01-13 16:00:00,72.0,0
2020-01-14 16:00:00,71.53,0
2020-01-15 16:00:00,71.96,0
2020-01-16 16:00:00,72.51,0
2020-01-17 16:00:00,73.98,0
2020-01-21 16:00:00,74.11,0
2020-01-22 16:00:00,74.21,0
2020-01-23 16:00:00,74.23,0
2020-01-24 16:00:00,73.31,0
2020-01-27 16:00:00,71.59,0
2020-01-28 16:00:00,72.53,0
2020-01-29 16:00:00,72.83,0
2020-01-30 16:00:00,72.71,0
2020-01-31 16:00:00,71.64,0
2020-02-03 16:00:00,74.13,0
2020-02-04 16:00:00,72.27,0
2020-02-05 16:00:00,72.3,0
2020-02-06 16:00:00,73.8,0
2020-02-07 16:00:00,73.96,0
2020-02-10 16:00:00,75.43,0
2020-02-11 16:00:00,75.5,0
2020-02-12 16:00:00,75.93,0
2020-02-13 16:00:00,75.67,0
2020-02-14 16:00:00,75.94,0
2020-02-18 16:00:00,75.97,0
2020-02-19 16:00:00,76.24,0
2020-02-20 16:00:00,75.85,0
2020-02-21 16:00:00,74.17,0
2020-02-24 16:00:00,70.99,0
2020-02-25 16:00:00,69.32,0
2020-02-26 16:00:00,69.52,0
2020-02-27 16:00:00,65.75,0
2020-02-28 16:00:00,66.96,0
2020-03-02 16:00:00,69.32,0
2020-03-03 16:00:00,66.89,0
2020-03-04 16:00:00,69.08,0
2020-03-05 16:00:00,65.74,0
2020-03-06 16:00:00,64.79,0
2020-03-09 16:00:00,60.79,0
2020-03-10 16:00:00,63.76,0
2020-03-11 16:00:00,60.55,0
2020-03-12 16:00:00,55.58,0
2020-03-13 16:00:00,60.71,0
2020-03-16 16:00:00,53.65,0
2020-03-17 16:00:00,55.9,0
2020-03-18 16:00:00,54.56,0
2020-03-19 16:00:00,55.58,0
2020-03-20 16:00:00,53.41,0
2020-03-23 16:00:00,52.71,0
2020-03-24 16:00:00,56.5,1
2020-03-25 16:00:00,55.08,1
2020-03-26 16:00:00,58.15,1
2020-03-27 16:00:00,55.51,0
2020-03-30 16:00:00,57.32,0
2020-03-31 16:00:00,58.1,0
2020-04-01 16:00:00,55.11,0
2020-04-02 16:00:00,55.85,0
2020-04-03 16:00:00,54.64,0
2020-04-06 16:00:00,59.16,0
2020-04-07 16:00:00,59.13,0
2020-04-08 16:00:00,60.35,0
2020-04-09 16:00:00,60.33,0
2020-04-13 16:00:00,60.52,0
2020-04-14 16:00:00,63.26,0
2020-04-15 16:00:00,62.87,0
2020-04-16 16:00:00,62.87,0
2020-04-17 16:00:00,63.95,0
2020-04-20 16:00:00,63.06,0
2020-04-21 16:00:00,60.61,0
2020-04-22 16:00:00,62.92,0
2020-04-23 16:00:00,63.56,0
2020-04-24 16:00:00,63.83,0
2020-04-27 16:00:00,63.54,0
2020-04-28 16:00:00,61.63,0
2020-04-29 16:00:00,67.11,0
2020-04-30 16:00:00,67.33,0
2020-05-01 16:00:00,65.87,0
2020-05-04 16:00:00,66.15,0
2020-05-05 16:00:00,67.45,0
2020-05-06 16:00:00,67.27,0
2020-05-07 16:00:00,68.46,0
2020-05-08 16:00:00,69.22,0
2020-05-11 16:00:00,70.18,0
2020-05-12 16:00:00,68.76,0
2020-05-13 16:00:00,67.42,0
2020-05-14 16:00:00,67.84,0
2020-05-15 16:00:00,68.65,0
2020-05-18 16:00:00,69.26,0
2020-05-19 16:00:00,68.72,0
2020-05-20 16:00:00,70.46,0
2020-05-21 16:00:00,70.34,0
2020-05-22 16:00:00,70.66,0
2020-05-26 16:00:00,71.07,0
2020-05-27 16:00:00,71.01,0
2020-05-28 16:00:00,70.91,0
2020-05-29 16:00:00,71.68,0
2020-06-01 16:00:00,71.74,0
2020-06-02 16:00:00,72.12,0
2020-06-03 16:00:00,71.96,0
2020-06-04 16:00:00,70.72,0
2020-06-05 16:00:00,72.0,0
2020-06-08 16:00:00,72.4,0
2020-06-09 16:00:00,72.6,0
2020-06-10 16:00:00,73.24,0
2020-06-11 16:00:00,70.1,0
2020-06-12 16:00:00,70.65,0
2020-06-15 16:00:00,71.04,0
2020-06-16 16:00:00,72.32,0
2020-06-17 16:00:00,72.63,0
2020-06-18 16:00:00,71.71,0
2020-06-19 16:00:00,71.23,0
2020-06-22 16:00:00,72.53,0
2020-06-23 16:00:00,73.2,0
2020-06-24 16:00:00,71.64,0
2020-06-25 16:00:00,72.06,0
2020-06-26 16:00:00,68.13,0
2020-06-29 16:00:00,69.86,0
2020-06-30 16:00:00,70.9,0
2020-07-01 16:00:00,72.1,0
2020-07-02 16:00:00,73.5,0
2020-07-06 16:00:00,74.98,0
2020-07-07 16:00:00,74.5,0
2020-07-08 16:00:00,75.18,0
2020-07-09 16:00:00,75.93,0
2020-07-10 16:00:00,76.95,0
2020-07-13 16:00:00,75.61,0
2020-07-14 16:00:00,76.04,0
2020-07-15 16:00:00,75.84,0
2020-07-16 16:00:00,75.75,0
2020-07-17 16:00:00,75.84,0
2020-07-20 16:00:00,78.19,0
2020-07-21 16:00:00,77.8,0
2020-07-22 16:00:00,78.24,0
2020-07-23 16:00:00,75.84,0
2020-07-24 16:00:00,75.41,0
2020-07-27 16:00:00,76.47,0
2020-07-28 16:00:00,75.18,0
2020-07-29 16:00:00,76.18,0
2020-07-30 16:00:00,76.92,0
2020-07-31 16:00:00,74.4,0
2020-08-03 16:00:00,74.14,0
2020-08-04 16:00:00,73.67,0
2020-08-05 16:00:00,73.95,0
2020-08-06 16:00:00,75.25,0
2020-08-07 16:00:00,74.92,0
2020-08-10 16:00:00,74.84,0
2020-08-11 16:00:00,74.03,0
2020-08-12 16:00:00,75.36,0
2020-08-13 16:00:00,75.83,0
2020-08-14 16:00:00,75.23,0
2020-08-17 16:00:00,75.81,0
2020-08-18 16:00:00,77.79,0
2020-08-19 16:00:00,77.23,0
2020-08-20 16:00:00,78.81,0
2020-08-21 16:00:00,78.78,0
2020-08-24 16:00:00,79.26,0
2020-08-25 16:00:00,80.29,0
2020-08-26 16:00:00,82.21,0
2020-08-27 16:00:00,81.43,0
2020-08-28 16:00:00,81.97,0
2020-08-31 16:00:00,81.48,0
2020-09-01 16:00:00,82.75,0
2020-09-02 16:00:00,85.87,0
2020-09-03 16:00:00,81.48,0
2020-09-04 16:00:00,79.06,0
2020-09-08 16:00:00,76.18,0
2020-09-09 16:00:00,77.36,0
2020-09-10 16:00:00,76.3,0
2020-09-11 16:00:00,75.79,0
2020-09-14 16:00:00,75.44,0
2020-09-15 16:00:00,76.76,0
2020-09-16 16:00:00,75.6,0
2020-09-17 16:00:00,74.35,0
2020-09-18 16:00:00,72.55,0
2020-09-21 16:00:00,71.51,0
2020-09-22 16:00:00,72.99,0
2020-09-23 16:00:00,70.47,0
2020-09-24 16:00:00,71.14,0
2020-09-25 16:00:00,71.95,0
2020-09-28 16:00:00,72.93,0
2020-09-29 16:00:00,73.3,0
2020-09-30 16:00:00,73.28,0
2020-10-01 16:00:00,74.4,0
2020-10-02 16:00:00,72.78,0
2020-10-05 16:00:00,74.14,0
2020-10-06 16:00:00,72.55,0
2020-10-07 16:00:00,72.96,0
2020-10-08 16:00:00,74.17,0
2020-10-09 16:00:00,75.52,0
2020-10-12 16:00:00,78.23,0
2020-10-13 16:00:00,78.35,0
2020-10-14 16:00:00,78.17,0
2020-10-15 16:00:00,77.77,0
2020-10-16 16:00:00,78.39,0
2020-10-19 16:00:00,76.5,0
2020-10-20 16:00:00,77.55,0
2020-10-21 16:00:00,79.3,0
2020-10-22 16:00:00,80.33,0
2020-10-23 16:00:00,81.65,0
2020-10-26 16:00:00,79.21,0
2020-10-27 16:00:00,79.94,0
2020-10-28 16:00:00,75.54,0
2020-10-29 16:00:00,77.84,0
2020-10-30 16:00:00,80.81,0
2020-11-02 16:00:00,81.22,0
2020-11-03 16:00:00,82.28,0
2020-11-04 16:00:00,87.29,0
2020-11-05 16:00:00,88.13,0
2020-11-06 16:00:00,87.99,0
2020-11-09 16:00:00,88.07,0
2020-11-10 16:00:00,86.89,0
2020-11-11 16:00:00,87.36,0
2020-11-12 16:00:00,87.14,0
2020-11-13 16:00:00,88.61,0
2020-11-16 16:00:00,88.7,0
2020-11-17 16:00:00,88.08,0
2020-11-18 16:00:00,87.03,0
2020-11-19 16:00:00,87.93,0
2020-11-20 16:00:00,86.82,0
2020-11-23 16:00:00,86.38,0
2020-11-24 16:00:00,88.2,0
2020-11-25 16:00:00,88.21,0
2020-11-27 13:00:00,89.35,0
2020-11-30 16:00:00,87.72,0
2020-12-01 16:00:00,89.77,0
2020-12-02 16:00:00,91.25,0
2020-12-03 16:00:00,91.09,0
2020-12-04 16:00:00,91.19,0
2020-12-07 16:00:00,90.85,0
2020-12-08 16:00:00,90.57,0
2020-12-09 16:00:00,88.89,0
2020-12-10 16:00:00,88.38,0
2020-12-11 16:00:00,88.74,0
2020-12-14 16:00:00,87.61,0
2020-12-15 16:00:00,88.05,0
2020-12-16 16:00:00,87.86,0
2020-12-17 16:00:00,87.03,0
2020-12-18 16:00:00,86.31,0
2020-12-21 16:00:00,86.73,0
2020-12-22 16:00:00,86.01,0
2020-12-23 16:00:00,86.41,0
2020-12-24 13:00:00,86.71,0
2020-12-28 16:00:00,88.7,0
2020-12-29 16:00:00,87.89,0
2020-12-30 16:00:00,86.81,0
2020-12-31 16:00:00,87.63,0
2021-01-04 16:00:00,86.31,0
2021-01-05 16:00:00,87.0,0
2021-01-06 16:00:00,86.14,0
2021-01-07 16:00:00,88.72,0
2021-01-08 16:00:00,89.89,0
2021-01-11 16:00:00,87.81,0
2021-01-12 16:00:00,86.87,0
2021-01-13 16:00:00,87.36,0
2021-01-14 16:00:00,86.55,0
2021-01-15 16:00:00,86.38,0
2021-01-19 16:00:00,89.22,0
2021-01-20 16:00:00,94.0,0
2021-01-21 16:00:00,94.21,0
2021-01-22 16:00:00,94.63,0
2021-01-25 16:00:00,94.71,0
2021-01-26 16:00:00,95.4,0
2021-01-27 16:00:00,90.95,0
2021-01-28 16:00:00,92.66,0
2021-01-29 16:00:00,91.37,0
2021-02-01 16:00:00,94.65,0
2021-02-02 16:00:00,95.96,0
2021-02-03 16:00:00,102.94,0
2021-02-04 16:00:00,102.68,0
2021-02-05 16:00:00,104.44,0
2021-02-08 16:00:00,104.23,0
2021-02-09 16:00:00,103.77,0
2021-02-10 16:00:00,104.32,0
2021-02-11 16:00:00,104.44,0
2021-02-12 16:00:00,104.75,0
2021-02-16 16:00:00,105.54,0
2021-02-17 16:00:00,105.93,0
2021-02-18 16:00:00,105.29,0
2021-02-19 16:00:00,104.44,0
2021-02-22 16:00:00,102.71,0
2021-02-23 16:00:00,103.01,0
2021-02-24 16:00:00,104.19,0
2021-02-25 16:00:00,100.8,0
2021-02-26 16:00:00,101.1,0
2021-03-01 16:00:00,103.48,0
2021-03-02 16:00:00,103.22,0
2021-03-03 16:00:00,100.57,0
2021-03-04 16:00:00,101.7,0
2021-03-05 16:00:00,104.85,0
2021-03-08 16:00:00,100.38,0
2021-03-09 16:00:00,102.02,0
2021-03-10 16:00:00,101.81,0
2021-03-11 16:00:00,105.03,0
2021-03-12 16:00:00,102.5,0
2021-03-15 16:00:00,102.72,0
2021-03-16 16:00:00,104.19,0
2021-03-17 16:00:00,104.11,0
2021-03-18 16:00:00,101.07,0
2021-03-19 16:00:00,101.35,0
2021-03-22 16:00:00,101.53,0
2021-03-23 16:00:00,102.07,0
2021-03-24 16:00:00,101.63,0
2021-03-25 16:00:00,101.62,0
2021-03-26 16:00:00,101.24,0
2021-03-29 16:00:00,102.29,0
2021-03-30 16:00:00,102.32,0
2021-03-31 16:00:00,103.13,0
2021-04-01 16:00:00,106.49,0
2021-04-05 16:00:00,110.95,0
2021-04-06 16:00:00,110.46,0
2021-04-07 16:00:00,111.95,0
2021-04-08 16:00:00,112.52,0
2021-04-09 16:00:00,113.53,0
2021-04-12 16:00:00,112.23,0
2021-04-13 16:00:00,112.72,0
2021-04-14 16:00:00,112.1,0
2021-04-15 16:00:00,114.26,0
2021-04-16 16:00:00,114.14,0
2021-04-19 16:00:00,114.49,0
2021-04-20 16:00:00,113.95,0
2021-04-21 16:00:00,113.92,0
2021-04-22 16:00:00,112.63,0
2021-04-23 16:00:00,115.0,0
2021-04-26 16:00:00,115.5,0
2021-04-27 16:00:00,114.55,0
2021-04-28 16:00:00,117.95,0
2021-04-29 16:00:00,119.64,0
2021-04-30 16:00:00,117.68,0
2021-05-03 16:00:00,117.15,0
2021-05-04 16:00:00,115.34,0
2021-05-05 16:00:00,115.74,0
2021-05-06 16:00:00,116.87,0
2021-05-07 16:00:00,117.6,0
2021-05-10 16:00:00,114.59,0
2021-05-11 16:00:00,113.5,0
2021-05-12 16:00:00,110.01,0
2021-05-13 16:00:00,111.45,0
2021-05-14 16:00:00,113.92,0
2021-05-17 16:00:00,114.45,0
2021-05-18 16:00:00,113.12,0
2021-05-19 16:00:00,113.58,0
2021-05-20 16:00:00,115.35,0
2021-05-21 16:00:00,114.71,0
2021-05-24 16:00:00,118.05,0
2021-05-25 16:00:00,118.14,0
2021-05-26 16:00:00,119.02,0
2021-05-27 16:00:00,118.13,0
2021-05-28 16:00:00,117.84,0
2021-06-01 16:00:00,119.06,0
2021-06-02 16:00:00,118.53,0
2021-06-03 16:00:00,117.38,0
2021-06-04 16:00:00,119.68,0
2021-06-07 16:00:00,120.12,0
2021-06-08 16:00:00,119.92,0
2021-06-09 16:00:00,120.4,0
2021-06-10 16:00:00,121.76,0
2021-06-11 16:00:00,121.51,0
2021-06-14 16:00:00,122.45,0
2021-06-15 16:00:00,121.42,0
2021-06-16 16:00:00,120.77,0
2021-06-17 16:00:00,121.74,0
2021-06-18 16:00:00,120.11,0
2021-06-21 16:00:00,121.81,0
2021-06-22 16:00:00,122.33,0
2021-06-23 16:00:00,122.13,0
2021-06-24 16:00:00,122.5,0
2021-06-25 16:00:00,122.51,0
2021-06-28 16:00:00,122.54,0
2021-06-29 16:00:00,122.27,0
2021-06-30 16:00:00,122.09,0
2021-07-01 16:00:00,122.44,0
2021-07-02 16:00:00,125.26,0
2021-07-06 16:00:00,126.19,0
2021-07-07 16:00:00,126.47,0
2021-07-08 16:00:00,125.04,0
2021-07-09 16:00:00,125.52,0
2021-07-12 16:00:00,126.98,0
2021-07-13 16:00:00,127.34,0
2021-07-14 16:00:00,128.24,0
2021-07-15 16:00:00,127.01,0
2021-07-16 16:00:00,126.97,0
2021-07-19 16:00:00,124.58,0
2021-07-20 16:00:00,126.21,0
2021-07-21 16:00:00,127.55,0
2021-07-22 16:00:00,128.42,0
2021-07-23 16:00:00,133.01,0
2021-07-26 16:00:00,134.04,0
2021-07-27 16:00:00,131.9,0
2021-07-28 16:00:00,136.09,0
2021-07-29 16:00:00,135.78,0
2021-07-30 16:00:00,134.73,0
2021-08-02 16:00:00,134.85,0
2021-08-03 16:00:00,135.63,0
2021-08-04 16:00:00,135.13,0
2021-08-05 16:00:00,136.25,0
2021-08-06 16:00:00,135.74,0
2021-08-09 16:00:00,136.91,0
2021-08-10 16:00:00,136.81,0
2021-08-11 16:00:00,136.28,0
2021-08-12 16:00:00,137.19,0
2021-08-13 16:00:00,137.73,0
2021-08-16 16:00:00,138.31,0
2021-08-17 16:00:00,136.66,0
2021-08-18 16:00:00,135.45,0
2021-08-19 16:00:00,135.68,0
2021-08-20 16:00:00,137.43,0
2021-08-23 16:00:00,140.04,0
2021-08-24 16:00:00,141.26,0
2021-08-25 16:00:00,142.08,0
2021-08-26 16:00:00,141.44,0
2021-08-27 16:00:00,144.0,0
2021-08-30 16:00:00,144.59,0
2021-08-31 16:00:00,144.7,0
2021-09-01 16:00:00,145.22,0
2021-09-02 16:00:00,143.29,0
2021-09-03 16:00:00,143.74,0
2021-09-07 16:00:00,144.28,0
2021-09-08 16:00:00,143.69,0
2021-09-09 16:00:00,143.54,0
2021-09-10 16:00:00,140.88,0
2021-09-13 16:00:00,142.33,0
2021-09-14 16:00:00,142.54,0
2021-09-15 16:00:00,144.43,0
2021-09-16 16:00:00,143.61,0
2021-09-17 16:00:00,140.8,0
2021-09-20 16:00:00,138.72,0
2021-09-21 16:00:00,139.03,0
2021-09-22 16:00:00,140.28,0
2021-09-23 16:00:00,141.22,0
2021-09-24 16:00:00,142.22,0
2021-09-27 16:00:00,141.07,0
2021-09-28 16:00:00,135.83,0
2021-09-29 16:00:00,134.35,0
2021-09-30 16:00:00,133.68,0
2021-10-01 16:00:00,136.54,0
2021-10-04 16:00:00,133.66,0
2021-10-05 16:00:00,136.02,0
2021-10-06 16:00:00,137.57,0
2021-10-07 16:00:00,139.23,0
2021-10-08 16:00:00,139.79,0
2021-10-11 16:00:00,138.91,0
2021-10-12 16:00:00,136.45,0
2021-10-13 16:00:00,137.58,0
2021-10-14 16:00:00,141.15,0
2021-10-15 16:00:00,141.37,0
2021-10-18 16:00:00,142.78,0
2021-10-19 16:00:00,143.24,0
2021-10-20 16:00:00,141.77,0
2021-10-21 16:00:00,141.89,0
2021-10-22 16:00:00,137.57,0
2021-10-25 16:00:00,137.45,0
2021-10-26 16:00:00,139.31,0
2021-10-27 16:00:00,146.22,0
2021-10-28 16:00:00,145.85,0
2021-10-29 16:00:00,148.05,0
2021-11-01 16:00:00,143.5,0
2021-11-02 16:00:00,145.43,0
2021-11-03 16:00:00,146.6,0
2021-11-04 16:00:00,148.27,0
2021-11-05 16:00:00,148.85,0
2021-11-08 16:00:00,149.03,0
2021-11-09 16:00:00,148.92,0
2021-11-10 16:00:00,145.89,0
2021-11-11 16:00:00,145.77,0
2021-11-12 16:00:00,148.68,0
2021-11-15 16:00:00,148.45,0
2021-11-16 16:00:00,147.88,0
2021-11-17 16:00:00,148.05,0
2021-11-18 16:00:00,149.84,0
2021-11-19 16:00:00,148.93,0
2021-11-22 16:00:00,146.3,0
2021-11-23 16:00:00,145.78,0
2021-11-24 16:00:00,146.12,0
2021-11-26 13:00:00,142.18,0
2021-11-29 16:00:00,145.53,0
2021-11-30 16:00:00,141.9,0
2021-12-01 16:00:00,141.05,0
2021-12-02 16:00:00,142.97,0
2021-12-03 16:00:00,142.0,0
2021-12-06 16:00:00,143.16,0
2021-12-07 16:00:00,147.27,0
2021-12-08 16:00:00,148.19,0
2021-12-09 16:00:00,147.64,0
2021-12-10 16:00:00,148.0,0
2021-12-13 16:00:00,145.83,0
2021-12-14 16:00:00,143.91,0
2021-12-15 16:00:00,146.44,0
2021-12-16 16:00:00,144.45,0
2021-12-17 16:00:00,141.73,0
2021-12-20 16:00:00,141.61,0
2021-12-21 16:00:00,143.47,0
2021-12-22 16:00:00,146.42,0
2021-12-23 16:00:00,146.92,0
2021-12-27 16:00:00,147.91,0
2021-12-28 16:00:00,146.69,0
2021-12-29 16:00:00,146.66,0
2021-12-30 16:00:00,146.2,0
2021-12-31 16:00:00,144.85,0
2022-01-03 16:00:00,144.99,0
2022-01-04 16:00:00,144.4,0
2022-01-05 16:00:00,137.78,0
2022-01-06 16:00:00,137.75,0
2022-01-07 16:00:00,137.02,0
2022-01-10 16:00:00,138.67,0
2022-01-11 16:00:00,139.74,0
2022-01-12 16:00:00,141.43,0
2022-01-13 16:00:00,138.59,0
2022-01-14 16:00:00,139.48,0
2022-01-18 16:00:00,136.0,0
2022-01-19 16:00:00,135.12,0
2022-01-20 16:00:00,133.31,0
2022-01-21 16:00:00,130.35,0
2022-01-24 16:00:00,130.8,0
2022-01-25 16:00:00,126.94,0
2022-01-26 16:00:00,129.23,0
2022-01-27 16:00:00,129.01,0
2022-01-28 16:00:00,133.35,0
2022-01-31 16:00:00,135.3,0
2022-02-01 16:00:00,137.64,0
2022-02-02 16:00:00,148.0,0
2022-02-03 16:00:00,143.09,0
2022-02-04 16:00:00,143.29,0
2022-02-07 16:00:00,139.2,0
2022-02-08 16:00:00,139.4,0
2022-02-09 16:00:00,141.59,0
2022-02-10 16:00:00,138.62,0
2022-02-11 16:00:00,134.28,0
2022-02-14 16:00:00,135.53,0
2022-02-15 16:00:00,136.61,0
2022-02-16 16:00:00,137.74,0
2022-02-17 16:00:00,132.54,0
2022-02-18 16:00:00,130.4,0
2022-02-22 16:00:00,129.81,0
2022-02-23 16:00:00,127.59,0
2022-02-24 16:00:00,132.69,0
2022-02-25 16:00:00,134.46,0
2022-02-28 16:00:00,135.06,0
2022-03-01 16:00:00,134.06,0
2022-03-02 16:00:00,134.57,0
2022-03-03 16:00:00,133.9,0
2022-03-04 16:00:00,131.91,0
2022-03-07 16:00:00,126.38,0
2022-03-08 16:00:00,127.1,0
2022-03-09 16:00:00,133.42,0
2022-03-10 16:00:00,132.43,0
2022-03-11 16:00:00,129.87,0
2022-03-14 16:00:00,125.95,0
2022-03-15 16:00:00,129.2,0
2022-03-16 16:00:00,133.28,0
2022-03-17 16:00:00,133.84,0
2022-03-18 16:00:00,136.13,0
2022-03-21 16:00:00,136.1,0
2022-03-22 16:00:00,139.87,0
2022-03-23 16:00:00,138.28,0
2022-03-24 16:00:00,141.57,0
2022-03-25 16:00:00,141.67,0
2022-03-28 16:00:00,141.46,0
2022-03-29 16:00:00,142.51,0
2022-03-30 16:00:00,141.94,0
2022-03-31 16:00:00,139.07,0
2022-04-01 16:00:00,140.15,0
2022-04-04 16:00:00,142.97,0
2022-04-05 16:00:00,140.59,0
2022-04-06 16:00:00,136.55,0
2022-04-07 16:00:00,135.89,0
2022-04-08 16:00:00,133.29,0
2022-04-11 16:00:00,128.82,0
2022-04-12 16:00:00,127.71,0
2022-04-13 16:00:00,129.89,0
2022-04-14 16:00:00,126.73,0
2022-04-18 16:00:00,127.68,0
2022-04-19 16:00:00,130.01,0
2022-04-20 16:00:00,128.04,0
2022-04-21 16:00:00,124.81,0
2022-04-22 16:00:00,119.64,0
2022-04-25 16:00:00,123.07,0
2022-04-26 16:00:00,118.65,0
2022-04-27 16:00:00,114.29,0
2022-04-28 16:00:00,118.52,0
2022-04-29 16:00:00,114.11,1
2022-05-02 16:00:00,116.58,1
2022-05-03 16:00:00,117.33,1
2022-05-04 16:00:00,122.26,1
2022-05-05 16:00:00,116.51,1
2022-05-06 16:00:00,115.75,1
2022-05-09 16:00:00,112.51,1
2022-05-10 16:00:00,114.4,1
2022-05-11 16:00:00,113.6,1
2022-05-12 16:00:00,112.84,1
2022-05-13 16:00:00,116.05,1
2022-05-16 16:00:00,114.45,1
2022-05-17 16:00:00,116.47,1
2022-05-18 16:00:00,111.9,0
2022-05-19 16:00:00,110.38,0
2022-05-20 16:00:00,108.91,0
2022-05-23 16:00:00,111.49,0
2022-05-24 16:00:00,105.97,0
2022-05-25 16:00:00,105.81,0
2022-05-26 16:00:00,107.79,0
2022-05-27 16:00:00,112.32,0
2022-05-31 16:00:00,113.76,0
2022-06-01 16:00:00,113.89,0
2022-06-02 16:00:00,117.62,0
2022-06-03 16:00:00,114.54,0
2022-06-06 16:00:00,116.82,0
2022-06-07 16:00:00,117.15,0
2022-06-08 16:00:00,117.19,0
2022-06-09 16:00:00,114.84,0
2022-06-10 16:00:00,111.16,0
2022-06-13 16:00:00,106.39,0
2022-06-14 16:00:00,106.72,0
2022-06-15 16:00:00,109.76,0
2022-06-16 16:00:00,106.03,0
2022-06-17 16:00:00,107.14,0
2022-06-21 16:00:00,111.54,0
2022-06-22 16:00:00,111.49,0
2022-06-23 16:00:00,112.24,0
2022-06-24 16:00:00,117.98,0
2022-06-27 16:00:00,115.83,0
2022-06-28 16:00:00,112.01,0
2022-06-29 16:00:00,111.7,0
2022-06-30 16:00:00,108.96,0
2022-07-01 16:00:00,108.74,0
2022-07-05 16:00:00,113.26,0
2022-07-06 16:00:00,114.57,0
2022-07-07 16:00:00,118.78,0
2022-07-08 16:00:00,119.35,0
2022-07-11 16:00:00,115.68,0
2022-07-12 16:00:00,114.02,0
2022-07-13 16:00:00,111.35,0
2022-07-14 16:00:00,110.37,0
2022-07-15 16:00:00,111.78,0
2022-07-18 16:00:00,109.03,0
2022-07-19 16:00:00,113.81,0
2022-07-20 16:00:00,113.9,0
2022-07-21 16:00:00,114.34,0
2022-07-22 16:00:00,107.9,0
2022-07-25 16:00:00,107.51,0
2022-07-26 16:00:00,105.02,0
2022-07-27 16:00:00,113.06,0
2022-07-28 16:00:00,114.22,0
2022-07-29 16:00:00,116.32,0
2022-08-01 16:00:00,114.86,0
2022-08-02 16:00:00,115.13,0
2022-08-03 16:00:00,118.08,0
2022-08-04 16:00:00,118.19,0
2022-08-05 16:00:00,117.47,0
2022-08-08 16:00:00,117.3,0
2022-08-09 16:00:00,116.63,0
2022-08-10 16:00:00,119.7,0
2022-08-11 16:00:00,118.84,0
2022-08-12 16:00:00,121.68,0
2022-08-15 16:00:00,122.08,0
2022-08-16 16:00:00,121.7,0
2022-08-17 16:00:00,119.55,0
2022-08-18 16:00:00,120.17,0
2022-08-19 16:00:00,117.21,0
2022-08-22 16:00:00,114.24,0
2022-08-23 16:00:00,113.86,0
2022-08-24 16:00:00,113.69,0
2022-08-25 16:00:00,116.65,0
2022-08-26 16:00:00,110.34,0
2022-08-29 16:00:00,109.42,0
2022-08-30 16:00:00,108.94,0
2022-08-31 16:00:00,108.22,0
2022-09-01 16:00:00,109.74,0
2022-09-02 16:00:00,107.85,0
2022-09-06 16:00:00,106.81,0
2022-09-07 16:00:00,109.45,0
2022-09-08 16:00:00,108.38,0
2022-09-09 16:00:00,110.65,0
2022-09-12 16:00:00,110.86,0
2022-09-13 16:00:00,104.32,0
2022-09-14 16:00:00,105.0,0
2022-09-15 16:00:00,102.91,0
2022-09-16 16:00:00,102.8,0
2022-09-19 16:00:00,103.07,0
2022-09-20 16:00:00,101.14,0
2022-09-21 16:00:00,99.28,0
2022-09-22 16:00:00,100.14,0
2022-09-23 16:00:00,98.74,0
2022-09-26 16:00:00,98.17,0
2022-09-27 16:00:00,97.5,0
2022-09-28 16:00:00,100.05,0
2022-09-29 16:00:00,97.42,0
2022-09-30 16:00:00,95.65,0
2022-10-03 16:00:00,98.64,0
2022-10-04 16:00:00,101.64,0
2022-10-05 16:00:00,101.43,0
2022-10-06 16:00:00,101.42,0
2022-10-07 16:00:00,98.68,0
2022-10-10 16:00:00,97.86,0
2022-10-11 16:00:00,97.18,0
2022-10-12 16:00:00,97.56,0
2022-10-13 16:00:00,99.06,0
2022-10-14 16:00:00,96.56,0
2022-10-17 16:00:00,99.97,0
2022-10-18 16:00:00,100.77,0
2022-10-19 16:00:00,99.63,0
2022-10-20 16:00:00,99.97,0
2022-10-21 16:00:00,101.13,0
2022-10-24 16:00:00,102.52,0
2022-10-25 16:00:00,104.48,0
2022-10-26 16:00:00,94.93,0
2022-10-27 16:00:00,92.22,0
2022-10-28 16:00:00,96.29,0
2022-10-31 16:00:00,94.51,0
2022-11-01 16:00:00,90.47,0
2022-11-02 16:00:00,86.97,0
2022-11-03 16:00:00,83.43,0
2022-11-04 16:00:00,86.58,0
2022-11-07 16:00:00,88.49,0
2022-11-08 16:00:00,88.9,0
2022-11-09 16:00:00,87.32,0
2022-11-10 16:00:00,93.94,0
2022-11-11 16:00:00,96.41,0
2022-11-14 16:00:00,95.7,0
2022-11-15 16:00:00,98.44,0
2022-11-16 16:00:00,98.85,0
2022-11-17 16:00:00,98.36,0
2022-11-18 16:00:00,97.43,0
2022-11-21 16:00:00,95.6,0
2022-11-22 16:00:00,97.05,0
2022-11-23 16:00:00,98.46,0
2022-11-25 13:05:00,97.46,0
2022-11-28 16:00:00,96.05,0
2022-11-29 16:00:00,95.19,0
2022-11-30 16:00:00,100.99,0
2022-12-01 16:00:00,100.99,0
2022-12-02 16:00:00,100.44,0
2022-12-05 16:00:00,99.48,0
2022-12-06 16:00:00,96.98,0
2022-12-07 16:00:00,94.94,0
2022-12-08 16:00:00,93.71,0
2022-12-09 16:00:00,92.83,0
2022-12-12 16:00:00,93.31,0
2022-12-13 16:00:00,95.63,0
2022-12-14 16:00:00,95.07,0
2022-12-15 16:00:00,90.86,0
2022-12-16 16:00:00,90.26,0
2022-12-19 16:00:00,88.44,0
2022-12-20 16:00:00,89.02,0
2022-12-21 16:00:00,89.58,0
2022-12-22 16:00:00,87.76,0
2022-12-23 16:00:00,89.23,0
2022-12-27 16:00:00,87.39,0
2022-12-28 16:00:00,86.02,0
2022-12-29 16:00:00,88.45,0
2022-12-30 16:00:00,88.23,0
2023-01-03 16:00:00,89.12,0
2023-01-04 16:00:00,88.08,0
2023-01-05 16:00:00,86.2,0
2023-01-06 16:00:00,87.34,0
2023-01-09 16:00:00,88.02,0
2023-01-10 16:00:00,88.42,0
2023-01-11 16:00:00,91.52,0
2023-01-12 16:00:00,91.13,0
2023-01-13 16:00:00,92.12,0
2023-01-17 16:00:00,91.29,0
2023-01-18 16:00:00,91.12,0
2023-01-19 16:00:00,93.05,0
2023-01-20 16:00:00,98.02,0
2023-01-23 16:00:00,99.79,0
2023-01-24 16:00:00,97.7,0
2023-01-25 16:00:00,95.22,0
2023-01-26 16:00:00,97.52,0
2023-01-27 16:00:00,99.37,0
2023-01-30 16:00:00,96.94,0
2023-01-31 16:00:00,98.84,0
2023-02-01 16:00:00,100.43,0
2023-02-02 16:00:00,107.74,0
2023-02-03 16:00:00,104.78,0
2023-02-06 16:00:00,102.9,0
2023-02-07 16:00:00,107.64,0
2023-02-08 16:00:00,99.37,0
2023-02-09 16:00:00,95.01,0
2023-02-10 16:00:00,94.57,0
2023-02-13 16:00:00,94.61,0
2023-02-14 16:00:00,94.68,0
2023-02-15 16:00:00,96.94,0
2023-02-16 16:00:00,95.51,0
2023-02-17 16:00:00,94.35,0
2023-02-21 16:00:00,91.79,0
2023-02-22 16:00:00,91.65,0
2023-02-23 16:00:00,90.89,0
2023-02-24 16:00:00,89.13,0
2023-02-27 16:00:00,89.87,0
2023-02-28 16:00:00,90.06,0
2023-03-01 16:00:00,90.36,0
2023-03-02 16:00:00,92.0,0
2023-03-03 16:00:00,93.65,0
2023-03-06 16:00:00,95.13,0
2023-03-07 16:00:00,93.86,0
2023-03-08 16:00:00,94.25,0
2023-03-09 16:00:00,92.32,0
2023-03-10 16:00:00,90.63,0
2023-03-13 16:00:00,91.11,0
2023-03-14 16:00:00,93.97,0
2023-03-15 16:00:00,96.11,0
2023-03-16 16:00:00,100.32,0
2023-03-17 16:00:00,101.62,0
2023-03-20 16:00:00,101.22,0
2023-03-21 16:00:00,104.92,0
2023-03-22 16:00:00,103.37,0
2023-03-23 16:00:00,105.6,0
2023-03-24 16:00:00,105.44,0
2023-03-27 16:00:00,102.46,0
2023-03-28 16:00:00,101.03,0
2023-03-29 16:00:00,101.39,0
2023-03-30 16:00:00,100.89,0
2023-03-31 16:00:00,103.73,0
2023-04-03 16:00:00,104.36,0
2023-04-04 16:00:00,104.72,0
2023-04-05 16:00:00,104.47,0
2023-04-06 16:00:00,108.42,0
2023-04-10 16:00:00,106.44,0
2023-04-11 16:00:00,105.35,0
2023-04-12 16:00:00,104.64,0
2023-04-13 16:00:00,107.43,0
2023-04-14 16:00:00,108.87,0
2023-04-17 16:00:00,105.97,0
2023-04-18 16:00:00,104.5,0
2023-04-19 16:00:00,104.18,0
2023-04-20 16:00:00,105.29,0
2023-04-21 16:00:00,105.41,0
2023-04-24 16:00:00,105.97,0
2023-04-25 16:00:00,103.85,0
2023-04-26 16:00:00,103.71,0
2023-04-27 16:00:00,107.59,0
2023-04-28 16:00:00,107.34,0
2023-05-01 16:00:00,107.2,0
2023-05-02 16:00:00,105.32,0
2023-05-03 16:00:00,105.41,0
2023-05-04 16:00:00,104.69,0
2023-05-05 16:00:00,105.57,0
2023-05-08 16:00:00,107.77,0
2023-05-09 16:00:00,107.35,0
2023-05-10 16:00:00,111.75,0
2023-05-11 16:00:00,116.57,0
2023-05-12 16:00:00,117.51,0
2023-05-15 16:00:00,116.51,0
2023-05-16 16:00:00,119.51,0
2023-05-17 16:00:00,120.84,0
2023-05-18 16:00:00,122.83,0
2023-05-19 16:00:00,122.76,0
2023-05-22 16:00:00,125.05,0
2023-05-23 16:00:00,122.56,0
2023-05-24 16:00:00,120.9,0
2023-05-25 16:00:00,123.48,0
2023-05-26 16:00:00,124.61,0
2023-05-30 16:00:00,123.67,0
2023-05-31 16:00:00,122.87,0
2023-06-01 16:00:00,123.72,0
2023-06-02 16:00:00,124.67,0
2023-06-05 16:00:00,126.01,0
2023-06-06 16:00:00,127.31,0
2023-06-07 16:00:00,122.5,0
2023-06-08 16:00:00,122.14,0
2023-06-09 16:00:00,122.23,0
2023-06-12 16:00:00,123.64,0
2023-06-13 16:00:00,123.83,0
2023-06-14 16:00:00,123.67,0
2023-06-15 16:00:00,125.09,0
2023-06-16 16:00:00,123.53,0
2023-06-20 16:00:00,123.1,0
2023-06-21 16:00:00,120.55,0
2023-06-22 16:00:00,123.15,0
2023-06-23 16:00:00,122.34,0
2023-06-26 16:00:00,118.34,0
2023-06-27 16:00:00,118.33,0
2023-06-28 16:00:00,120.18,0
2023-06-29 16:00:00,119.1,0
2023-06-30 16:00:00,119.7,0
2023-07-03 13:05:00,119.9,0
2023-07-05 16:00:00,121.75,0
2023-07-06 16:00:00,120.11,0
2023-07-07 16:00:00,119.48,0
2023-07-10 16:00:00,116.45,0
2023-07-11 16:00:00,117.14,0
2023-07-12 16:00:00,118.93,0
2023-07-13 16:00:00,124.54,0
2023-07-14 16:00:00,125.42,0
2023-07-17 16:00:00,124.65,0
2023-07-18 16:00:00,123.76,0
2023-07-19 16:00:00,122.03,0
2023-07-20 16:00:00,119.2,0
2023-07-21 16:00:00,120.02,0
2023-07-24 16:00:00,121.53,0
2023-07-25 16:00:00,122.21,0
2023-07-26 16:00:00,129.27,0
2023-07-27 16:00:00,129.4,0
2023-07-28 16:00:00,132.58,0
2023-07-31 16:00:00,132.72,0
2023-08-01 16:00:00,131.55,0
2023-08-02 16:00:00,128.38,0
2023-08-03 16:00:00,128.45,0
2023-08-04 16:00:00,128.11,0
2023-08-07 16:00:00,131.53,0
2023-08-08 16:00:00,131.4,0
2023-08-09 16:00:00,129.66,0
2023-08-10 16:00:00,129.69,0
2023-08-11 16:00:00,129.56,0
2023-08-14 16:00:00,131.33,0
2023-08-15 16:00:00,129.78,0
2023-08-16 16:00:00,128.7,0
2023-08-17 16:00:00,129.92,0
2023-08-18 16:00:00,127.46,0
2023-08-21 16:00:00,128.37,0
2023-08-22 16:00:00,129.08,0
2023-08-23 16:00:00,132.37,0
2023-08-24 16:00:00,129.78,0
2023-08-25 16:00:00,129.88,0
2023-08-28 16:00:00,131.01,0
2023-08-29 16:00:00,134.57,0
2023-08-30 16:00:00,135.88,0
2023-08-31 16:00:00,136.17,0
2023-09-01 16:00:00,135.66,0
2023-09-05 16:00:00,135.77,0
2023-09-06 16:00:00,134.46,0
2023-09-07 16:00:00,135.26,0
2023-09-08 16:00:00,136.38,0
2023-09-11 16:00:00,136.92,0
2023-09-12 16:00:00,135.34,0
2023-09-13 16:00:00,136.71,0
2023-09-14 16:00:00,138.1,0
2023-09-15 16:00:00,137.4,0
2023-09-18 16:00:00,138.21,0
2023-09-19 16:00:00,138.04,0
2023-09-20 16:00:00,133.74,0
2023-09-21 16:00:00,130.44,0
2023-09-22 16:00:00,130.25,0
2023-09-25 16:00:00,131.11,0
2023-09-26 16:00:00,128.57,0
2023-09-27 16:00:00,130.54,0
2023-09-28 16:00:00,132.31,0
2023-09-29 16:00:00,130.86,0
2023-10-02 16:00:00,134.17,0
2023-10-03 16:00:00,132.43,0
2023-10-04 16:00:00,135.24,0
2023-10-05 16:00:00,135.07,0
2023-10-06 16:00:00,137.58,0
2023-10-09 16:00:00,138.42,0
2023-10-10 16:00:00,138.06,0
2023-10-11 16:00:00,140.55,0
2023-10-12 16:00:00,138.97,0
2023-10-13 16:00:00,137.36,0
2023-10-16 16:00:00,139.1,0
2023-10-17 16:00:00,139.72,0
2023-10-18 16:00:00,137.96,0
2023-10-19 16:00:00,137.75,0
2023-10-20 16:00:00,135.6,0
2023-10-23 16:00:00,136.5,0
2023-10-24 16:00:00,138.81,0
2023-10-25 16:00:00,125.61,0
2023-10-26 16:00:00,122.28,0
2023-10-27 16:00:00,122.17,0
2023-10-30 16:00:00,124.46,0
2023-10-31 16:00:00,124.08,0
2023-11-01 16:00:00,126.45,0
2023-11-02 16:00:00,127.49,0
2023-11-03 16:00:00,129.1,0
2023-11-06 16:00:00,130.25,0
2023-11-07 16:00:00,130.97,0
2023-11-08 16:00:00,131.84,0
2023-11-09 16:00:00,130.24,0
2023-11-10 16:00:00,132.59,0
2023-11-13 16:00:00,132.09,0
2023-11-14 16:00:00,133.62,0
2023-11-15 16:00:00,134.62,0
2023-11-16 16:00:00,136.93,0
2023-11-17 16:00:00,135.31,0
2023-11-20 16:00:00,136.25,0
2023-11-21 16:00:00,136.97,0
2023-11-22 16:00:00,138.49,0
2023-11-24 13:05:00,136.69,0
2023-11-27 16:00:00,136.41,0
2023-11-28 16:00:00,137.2,0
2023-11-29 16:00:00,134.99,0
2023-11-30 16:00:00,132.53,0
2023-12-01 16:00:00,131.86,0
2023-12-04 16:00:00,129.27,0
2023-12-05 16:00:00,130.99,0
2023-12-06 16:00:00,130.02,0
2023-12-07 16:00:00,136.93,0
2023-12-08 16:00:00,134.99,0
2023-12-11 16:00:00,133.29,0
2023-12-12 16:00:00,132.52,0
2023-12-13 16:00:00,132.57,0
2023-12-14 16:00:00,131.94,0
2023-12-15 16:00:00,132.6,0
2023-12-18 16:00:00,135.8,0
2023-12-19 16:00:00,136.65,0
2023-12-20 16:00:00,138.34,0
2023-12-21 16:00:00,140.42,0
2023-12-22 16:00:00,141.49,0
2023-12-26 16:00:00,141.52,0
2023-12-27 16:00:00,140.37,0
2023-12-28 16:00:00,140.23,0
2023-12-29 16:00:00,139.69,0
2024-01-02 16:00:00,138.17,0
2024-01-03 16:00:00,138.92,0
2024-01-04 16:00:00,136.39,0
2024-01-05 16:00:00,135.73,0
2024-01-08 16:00:00,138.84,0
2024-01-09 16:00:00,140.95,0
2024-01-10 16:00:00,142.28,0
2024-01-11 16:00:00,142.08,0
2024-01-12 16:00:00,142.65,0
2024-01-16 16:00:00,142.49,0
2024-01-17 16:00:00,141.47,0
2024-01-18 16:00:00,143.48,0
2024-01-19 16:00:00,146.38,0
2024-01-22 16:00:00,145.99,0
2024-01-23 16:00:00,147.04,0
2024-01-24 16:00:00,148.7,0
2024-01-25 16:00:00,151.87,0
2024-01-26 16:00:00,152.19,0
2024-01-29 16:00:00,153.51,0
2024-01-30 16:00:00,151.46,0
2024-01-31 16:00:00,140.1,0
2024-02-01 16:00:00,141.16,0
2024-02-02 16:00:00,142.38,0
2024-02-05 16:00:00,143.68,0
2024-02-06 16:00:00,144.1,0
2024-02-07 16:00:00,145.54,0
2024-02-08 16:00:00,145.91,0
2024-02-09 16:00:00,149.0,0
2024-02-12 16:00:00,147.53,0
2024-02-13 16:00:00,145.14,0
2024-02-14 16:00:00,145.94,0
2024-02-15 16:00:00,142.77,0
2024-02-16 16:00:00,140.52,0
2024-02-20 16:00:00,141.12,0
2024-02-21 16:00:00,142.55,0
2024-02-22 16:00:00,144.09,0
2024-02-23 16:00:00,143.96,0
2024-02-26 16:00:00,137.57,0
2024-02-27 16:00:00,138.88,0
2024-02-28 16:00:00,136.38,0
2024-02-29 16:00:00,138.46,0
2024-03-01 16:00:00,137.14,0
2024-03-04 16:00:00,133.35,0
2024-03-05 16:00:00,132.67,0
2024-03-06 16:00:00,131.4,0
2024-03-07 16:00:00,134.38,0
2024-03-08 16:00:00,135.41,0
2024-03-11 16:00:00,137.67,0
2024-03-12 16:00:00,138.5,0
2024-03-13 16:00:00,139.79,0
2024-03-14 16:00:00,143.1,0
2024-03-15 16:00:00,141.18,0
2024-03-18 16:00:00,147.68,0
2024-03-19 16:00:00,147.03,0
2024-03-20 16:00:00,148.74,0
2024-03-21 16:00:00,147.6,0
2024-03-22 16:00:00,150.77,0
2024-03-25 16:00:00,150.07,0
2024-03-26 16:00:00,150.67,0
2024-03-27 16:00:00,150.87,0
2024-03-28 16:00:00,150.93,0
2024-04-01 16:00:00,155.49,0
2024-04-02 16:00:00,154.56,0
2024-04-03 16:00:00,154.92,0
2024-04-04 16:00:00,150.53,0
2024-04-05 16:00:00,152.5,0
2024-04-08 16:00:00,154.85,0
2024-04-09 16:00:00,156.6,0
2024-04-10 16:00:00,156.14,0
2024-04-11 16:00:00,159.41,0
2024-04-12 16:00:00,157.73,1
2024-04-15 16:00:00,154.86,1
2024-04-16 16:00:00,154.4,1
2024-04-17 16:00:00,155.47,1
2024-04-18 16:00:00,156.01,0
2024-04-19 16:00:00,154.09,0
2024-04-22 16:00:00,156.28,0
2024-04-23 16:00:00,158.26,0
2024-04-24 16:00:00,159.13,0
2024-04-25 16:00:00,156.0,0
2024-04-26 16:00:00,171.95,0
2024-04-29 16:00:00,166.15,0
2024-04-30 16:00:00,162.78,0
2024-05-01 16:00:00,163.86,0
2024-05-02 16:00:00,166.62,0
2024-05-03 16:00:00,167.24,0
2024-05-06 16:00:00,168.1,0
2024-05-07 16:00:00,171.25,0
2024-05-08 16:00:00,169.38,0
2024-05-09 16:00:00,169.96,0
2024-05-10 16:00:00,168.65,1
2024-05-13 16:00:00,169.14,0
2024-05-14 16:00:00,170.34,1
2024-05-15 16:00:00,172.51,1
2024-05-16 16:00:00,174.18,1
2024-05-17 16:00:00,176.06,1
2024-05-20 16:00:00,176.92,1
2024-05-21 16:00:00,177.85,1
2024-05-22 16:00:00,176.38,1
2024-05-23 16:00:00,173.55,1
2024-05-24 16:00:00,174.99,1
2024-05-28 16:00:00,176.4,1
2024-05-29 16:00:00,175.9,1
2024-05-30 16:00:00,172.11,1
2024-05-31 16:00:00,172.5,1
2024-06-03 16:00:00,173.17,1
2024-06-04 16:00:00,173.79,1
2024-06-05 16:00:00,175.41,1
2024-06-06 16:00:00,176.73,1
2024-06-07 16:00:00,174.46,1
2024-06-10 16:00:00,175.01,1
2024-06-11 16:00:00,176.62,1
2024-06-12 16:00:00,177.79,1
2024-06-13 16:00:00,175.16,1
2024-06-14 16:00:00,176.79,1
2024-06-17 16:00:00,177.24,1
2024-06-18 16:00:00,175.09,1
2024-06-20 16:00:00,176.3,1
2024-06-21 16:00:00,179.63,1
2024-06-24 16:00:00,179.22,1
2024-06-25 16:00:00,184.03,1
2024-06-26 16:00:00,183.88,1
2024-06-27 16:00:00,185.41,1
2024-06-28 16:00:00,182.15,1
2024-07-01 16:00:00,182.99,1
2024-07-02 16:00:00,185.24,1
2024-07-03 13:05:00,185.82,1
2024-07-05 16:00:00,190.6,1
2024-07-08 16:00:00,189.03,1
2024-07-09 16:00:00,188.98,1
2024-07-10 16:00:00,191.18,1
2024-07-11 16:00:00,185.57,1
2024-07-12 16:00:00,185.07,1
2024-07-15 16:00:00,186.53,1
2024-07-16 16:00:00,183.92,1
2024-07-17 16:00:00,181.02,1
2024-07-18 16:00:00,177.69,1
2024-07-19 16:00:00,177.66,1
2024-07-22 16:00:00,181.67,1
2024-07-23 16:00:00,181.79,1
2024-07-24 16:00:00,172.63,1
2024-07-25 16:00:00,167.28,1
2024-07-26 16:00:00,167.0,1
2024-07-29 16:00:00,169.53,1
2024-07-30 16:00:00,170.29,1
2024-07-31 16:00:00,171.54,1
2024-08-01 16:00:00,170.76,1
2024-08-02 16:00:00,166.66,1
2024-08-05 16:00:00,159.25,1
2024-08-06 16:00:00,158.29,1
2024-08-07 16:00:00,158.94,1
2024-08-08 16:00:00,162.03,1
2024-08-09 16:00:00,163.67,1
2024-08-12 16:00:00,162.29,1
2024-08-13 16:00:00,164.16,1
2024-08-14 16:00:00,160.37,1
2024-08-15 16:00:00,161.3,1
2024-08-16 16:00:00,162.96,1
2024-08-19 16:00:00,166.67,1
2024-08-20 16:00:00,167.18,1
2024-08-21 16:00:00,165.85,0
2024-08-22 16:00:00,163.8,0
2024-08-23 16:00:00,165.62,0
2024-08-26 16:00:00,166.16,0
2024-08-27 16:00:00,164.68,0
2024-08-28 16:00:00,162.85,0
2024-08-29 16:00:00,161.78,0
2024-08-30 16:00:00,163.38,0
2024-09-03 16:00:00,157.36,0
2024-09-04 16:00:00,156.45,0
2024-09-05 16:00:00,157.24,0
2024-09-06 16:00:00,150.92,0
2024-09-09 16:00:00,148.71,0
2024-09-10 16:00:00,148.66,0
2024-09-11 16:00:00,151.16,0
2024-09-12 16:00:00,154.69,0
2024-09-13 16:00:00,157.46,0
2024-09-16 16:00:00,158.06,0
2024-09-17 16:00:00,159.32,0
2024-09-18 16:00:00,159.81,0
2024-09-19 16:00:00,162.14,0
2024-09-20 16:00:00,163.59,0
2024-09-23 16:00:00,161.85,0
2024-09-24 16:00:00,162.29,0
2024-09-25 16:00:00,161.49,0
2024-09-26 16:00:00,162.73,0
2024-09-27 16:00:00,163.95,0
2024-09-30 16:00:00,165.85,0
2024-10-01 16:00:00,166.99,0
2024-10-02 16:00:00,165.86,0
2024-10-03 16:00:00,165.86,0
2024-10-04 16:00:00,167.06,0
2024-10-07 16:00:00,162.98,0
2024-10-08 16:00:00,164.38,0
2024-10-09 16:00:00,161.86,0
2024-10-10 16:00:00,162.08,0
2024-10-11 16:00:00,163.24,0
2024-10-14 16:00:00,164.96,0
2024-10-15 16:00:00,165.46,0
2024-10-16 16:00:00,165.16,0
2024-10-17 16:00:00,162.93,0
2024-10-18 16:00:00,163.42,1
2024-10-21 16:00:00,164.07,1
2024-10-22 16:00:00,165.14,0
2024-10-23 16:00:00,162.78,0
2024-10-24 16:00:00,162.72,0
2024-10-25 16:00:00,165.27,0
2024-10-28 16:00:00,166.72,0
2024-10-29 16:00:00,169.68,0
2024-10-30 16:00:00,174.46,0
2024-10-31 16:00:00,171.11,0
2024-11-01 16:00:00,171.29,0
2024-11-04 16:00:00,169.24,0
2024-11-05 16:00:00,169.74,0
2024-11-06 16:00:00,176.51,0
2024-11-07 16:00:00,180.75,0
2024-11-08 16:00:00,178.35,0
2024-11-11 16:00:00,180.35,0
2024-11-12 16:00:00,181.62,1
2024-11-13 16:00:00,178.88,1
2024-11-14 16:00:00,175.58,1
2024-11-15 16:00:00,172.49,1
2024-11-18 16:00:00,175.3,1
2024-11-19 16:00:00,178.12,1
2024-11-20 16:00:00,175.98,1
2024-11-21 16:00:00,167.63,1
2024-11-22 16:00:00,164.76,1
2024-11-25 16:00:00,167.65,1
2024-11-26 16:00:00,169.12,1
2024-11-27 16:00:00,169.23,1
2024-11-29 13:05:00,168.95,1
2024-12-02 16:00:00,171.49,1
2024-12-03 16:00:00,171.34,1
2024-12-04 16:00:00,174.37,1
2024-12-05 16:00:00,172.64,1
2024-12-06 16:00:00,174.71,1
2024-12-09 16:00:00,175.37,1
2024-12-10 16:00:00,185.17,1
2024-12-11 16:00:00,195.4,1
2024-12-12 16:00:00,191.96,1
2024-12-13 16:00:00,189.82,1
2024-12-16 16:00:00,196.66,1
2024-12-17 16:00:00,195.42,1
2024-12-18 16:00:00,188.4,1
2024-12-19 16:00:00,188.51,1
2024-12-20 16:00:00,191.41,1
2024-12-23 16:00:00,194.63,1
2024-12-24 13:05:00,196.11,1
2024-12-26 16:00:00,195.6,1
2024-12-27 16:00:00,192.76,1
2024-12-30 16:00:00,191.24,1
2024-12-31 16:00:00,189.3,1
